B	window	eval_start	eval_end	stratum	lens	build_docs	eval_docs	n_eligible	obs_total	null_mean	null_sd	z_seg	formed	binom_p	uninformative	null_kind	R	ratio	null_min	null_max	mc_p_lo	mc_p_hi	mc_p_2s	drift_reps	inc_before	inc_after	collapsed_frac	docs_changed	toks_changed
4	0	2020Q1	2020Q2	WSB	union	44013	78060	45	227	261.2	17.083910559353793	-2.001883578187828	1	0.36381451393612796	0	stratified	100	0.8690658499234304	215.0	301.0	0.039603960396039604	0.9801980198019802	0.07920792079207921	10	283852.0	266831.0	0.05996434761777264	8071.2	282.4
4	1	2020Q2	2020Q3	WSB	union	70164	84951	77	695	647.0	23.60423690780958	2.0335332248812907	2	0.18004983570116848	0	stratified	100	1.0741885625965997	574.0	714.0	0.9702970297029703	0.039603960396039604	0.07920792079207921	10	338433.0	316434.6	0.06500075347262242	9555.4	306.0
4	2	2020Q3	2020Q4	WSB	union	101474	95297	64	199	191.1	11.884022887894485	0.6647580600040113	2	0.13462396498317036	0	stratified	100	1.0413396127681842	167.0	230.0	0.7623762376237624	0.27722772277227725	0.5544554455445545	10	333911.0	308720.3	0.07544136012290703	10568.7	277.4
4	3	2020Q4	2021Q1	WSB	union	132283	519818	124	1125	717.17	20.77934310800031	19.626703206174998	14	3.8872425916333184e-11	0	stratified	100	1.5686657277911793	652.0	774.0	1.0	0.009900990099009901	0.019801980198019802	10	1176917.0	1023886.4	0.13002667137954502	69488.7	285.1
4	4	2021Q1	2021Q2	WSB	union	173357	587814	318	2891	1777.24	36.58062875348099	30.446715596544124	50	5.307781163941042e-43	0	stratified	100	1.6266795705700974	1678.0	1858.0	1.0	0.009900990099009901	0.019801980198019802	10	1272101.0	1108459.8	0.1286385279156293	73801.8	246.5
4	5	2021Q2	2021Q3	WSB	union	604769	166668	498	603	836.36	29.048414758812573	-8.033484854081559	6	0.38051088297483604	0	stratified	100	0.720981395571285	761.0	920.0	0.009900990099009901	1.0	0.019801980198019802	10	419209.0	383841.8	0.08436650930681358	15183.2	221.2
4	6	2021Q3	2021Q4	WSB	union	683111	85921	391	83	232.98	16.673320005325873	-8.995209109648988	0	1.0	0	stratified	100	0.3562537556871835	195.0	277.0	0.009900990099009901	1.0	0.019801980198019802	10	234463.0	221132.8	0.056854173153120156	6086.8	228.4
4	7	2021Q4	2022Q1	WSB	union	686486	84190	373	55	168.67	14.13227157961522	-8.043292924257184	1	0.9764534336891513	0	stratified	100	0.32608051224284107	141.0	204.0	0.009900990099009901	1.0	0.019801980198019802	10	234554.0	219673.1	0.06344338617120149	6492.2	231.2
4	8	2022Q1	2022Q2	WSB	union	673735	81174	397	62	176.68	13.445356075612128	-8.529339004119976	0	1.0	0	stratified	100	0.35091691193117497	144.0	212.0	0.009900990099009901	1.0	0.019801980198019802	10	221120.0	206518.2	0.06603563675832122	6312.9	231.5
4	9	2022Q2	2022Q3	WSB	union	250858	92289	225	107	181.34	13.508678691863244	-5.503128891856583	3	0.39099469512459106	0	stratified	100	0.5900518363295467	147.0	214.0	0.009900990099009901	1.0	0.019801980198019802	10	229801.0	210336.7	0.084700675802107	8429.3	209.1
4	10	2022Q3	2022Q4	WSB	union	167095	88171	146	288	342.67	16.798246932343865	-3.2545062720048903	2	0.42948206577744236	0	stratified	100	0.8404587504012606	301.0	390.0	0.009900990099009901	1.0	0.019801980198019802	10	211529.0	194283.7	0.08152688283875964	7538.3	201.9
4	11	2022Q4	2023Q1	WSB	union	176479	59857	115	38	137.07	10.793752822813758	-9.178457356426106	0	1.0	0	stratified	100	0.27723061209600935	113.0	167.0	0.009900990099009901	1.0	0.019801980198019802	10	142115.0	135982.2	0.04315378390739886	3024.9	202.3
4	12	2023Q1	2023Q2	WSB	union	169345	49118	99	85	148.2	12.45391504708459	-5.074709419572831	0	1.0	0	stratified	100	0.5735492577597842	124.0	184.0	0.009900990099009901	1.0	0.019801980198019802	10	119878.0	114630.1	0.04377700662340041	2586.9	195.3
4	13	2023Q2	2023Q3	WSB	union	152146	45182	94	85	157.06	11.822706965834854	-6.095050838038895	0	1.0	0	stratified	100	0.541194447981663	129.0	190.0	0.009900990099009901	1.0	0.019801980198019802	10	113808.0	108409.1	0.04743866863489381	2636.2	192.2
4	14	2023Q3	2023Q4	WSB	union	137289	44496	103	59	118.64	10.120790482961299	-5.892820338530474	0	1.0	0	stratified	100	0.49730276466621715	90.0	144.0	0.009900990099009901	1.0	0.019801980198019802	10	105968.0	101618.4	0.041046353616186075	2205.5	186.3
4	15	2023Q4	2024Q1	WSB	union	105039	66411	78	324	479.56	19.667394336820525	-7.909537854171494	0	1.0	0	stratified	100	0.675619317707899	430.0	537.0	0.009900990099009901	1.0	0.019801980198019802	10	168761.0	159689.6	0.05375294054906047	4229.6	220.7
4	16	2024Q1	2024Q2	WSB	union	93614	83441	71	325	495.45	20.280224357733324	-8.404739365469762	2	0.1587742786796456	0	stratified	100	0.655969320819457	438.0	535.0	0.009900990099009901	1.0	0.019801980198019802	10	218376.0	205048.0	0.06103234787705609	6135.9	225.5
4	17	2024Q2	2024Q3	WSB	union	111593	70708	93	253	352.72	17.103847520368042	-5.830267130319591	0	1.0	0	stratified	100	0.7172828305738262	306.0	389.0	0.009900990099009901	1.0	0.019801980198019802	10	189765.0	178058.7	0.061688404078728894	5405.2	209.1
4	18	2024Q3	2024Q4	WSB	union	127937	68167	131	357	511.93	18.642025104585606	-8.310792369971114	0	1.0	0	stratified	100	0.6973609673197507	474.0	568.0	0.009900990099009901	1.0	0.019801980198019802	10	187114.0	175855.1	0.060171339397372695	5221.8	202.0
4	0	2020Q1	2020Q2	DD	union	28977	38412	63	189	313.71	17.319523665505354	-7.200544449636349	0	1.0	0	stratified	100	0.6024672468203118	276.0	356.0	0.009900990099009901	1.0	0.019801980198019802	10	81378.0	78614.9	0.03395389417287235	1706.2	150.3
4	1	2020Q2	2020Q3	DD	union	36914	44494	104	419	649.18	25.09118570335009	-9.173739444655544	0	1.0	0	stratified	100	0.645429618903848	582.0	707.0	0.009900990099009901	1.0	0.019801980198019802	10	106576.0	102273.7	0.04036837561927641	2465.7	170.4
4	2	2020Q3	2020Q4	DD	union	52696	45029	151	243	404.84	18.35849667047931	-8.815536637062483	0	1.0	0	stratified	100	0.6002371307183085	356.0	456.0	0.009900990099009901	1.0	0.019801980198019802	10	106740.0	101857.5	0.04574198988195616	2654.1	163.9
4	3	2020Q4	2021Q1	DD	union	67051	88385	145	570	725.84	23.463895669730547	-6.641693357043027	0	1.0	0	stratified	100	0.7852970351592637	667.0	790.0	0.009900990099009901	1.0	0.019801980198019802	10	188974.0	176770.0	0.06458031263560067	6366.4	177.0
4	4	2021Q1	2021Q2	DD	union	83441	94386	211	522	754.81	29.07462639484814	-8.007325591679919	2	0.6243766692931373	0	stratified	100	0.6915647646427578	687.0	822.0	0.009900990099009901	1.0	0.019801980198019802	10	198116.0	185935.4	0.06148216196571708	6368.2	180.7
4	5	2021Q2	2021Q3	DD	union	132879	51413	345	242	526.94	22.692210117130504	-12.556731959083038	0	1.0	0	stratified	100	0.45925532318670054	477.0	580.0	0.009900990099009901	1.0	0.019801980198019802	10	117326.0	113160.8	0.03550108245401699	2422.0	169.9
4	6	2021Q3	2021Q4	DD	union	139415	43956	272	136	351.78	19.035535190795137	-11.335641359027457	0	1.0	0	stratified	100	0.38660526465404516	302.0	389.0	0.009900990099009901	1.0	0.019801980198019802	10	104274.0	100920.3	0.03216237988376774	1987.3	162.0
4	7	2021Q4	2022Q1	DD	union	139798	43672	281	173	392.15	18.32177666057525	-11.961176258171859	0	1.0	0	stratified	100	0.4411577202601046	348.0	443.0	0.009900990099009901	1.0	0.019801980198019802	10	110953.0	107003.9	0.03559254819608308	2233.1	170.7
4	8	2022Q1	2022Q2	DD	union	138342	39426	290	151	333.79	18.41211286083159	-9.927703647138312	0	1.0	0	stratified	100	0.4523802390724707	297.0	375.0	0.009900990099009901	1.0	0.019801980198019802	10	102501.0	98831.3	0.03580160193559084	2029.4	166.6
4	9	2022Q2	2022Q3	DD	union	95085	34155	250	182	366.8	17.052272575818158	-10.837265190216643	0	1.0	0	stratified	100	0.4961832061068702	327.0	410.0	0.009900990099009901	1.0	0.019801980198019802	10	83086.0	80318.8	0.03330524998194638	1544.4	150.9
4	10	2022Q3	2022Q4	DD	union	83382	30721	179	125	246.26	16.56298282315115	-7.321145067572434	0	1.0	0	stratified	100	0.507593600259888	208.0	289.0	0.009900990099009901	1.0	0.019801980198019802	10	67707.0	65748.9	0.028920200274713186	1173.8	130.2
4	11	2022Q4	2023Q1	DD	union	77827	27707	158	116	238.49	15.627856538885938	-7.837927082016325	1	0.7956565382536613	0	stratified	100	0.4863935594783848	196.0	283.0	0.009900990099009901	1.0	0.019801980198019802	10	58385.0	56860.9	0.026104307613256803	934.8	127.0
4	12	2023Q1	2023Q2	DD	union	70147	25981	150	126	248.43	16.721396472783006	-7.321756899866361	0	1.0	0	stratified	100	0.5071851225697379	213.0	293.0	0.009900990099009901	1.0	0.019801980198019802	10	54467.0	53006.2	0.026819909302880696	885.8	122.4
4	13	2023Q2	2023Q3	DD	union	61862	25877	139	112	260.12	16.219913686576756	-9.1319844767473	0	1.0	0	stratified	100	0.43057050592034446	225.0	293.0	0.009900990099009901	1.0	0.019801980198019802	10	54151.0	52635.1	0.027993942863474387	916.9	121.3
4	14	2023Q3	2023Q4	DD	union	56702	26427	128	88	241.17	16.178414631848202	-9.467553124672392	0	1.0	0	stratified	100	0.3648878384542025	200.0	278.0	0.009900990099009901	1.0	0.019801980198019802	10	54745.0	53431.2	0.0239985386793315	853.8	119.9
4	15	2023Q4	2024Q1	DD	union	53584	30645	143	131	310.58	16.374480144419852	-10.967065727652907	0	1.0	0	stratified	100	0.4217914868954859	268.0	364.0	0.009900990099009901	1.0	0.019801980198019802	10	63307.0	61455.0	0.029254268880218617	1149.3	129.7
4	16	2024Q1	2024Q2	DD	union	52408	34862	120	177	393.26	19.623771299115774	-11.020307804430255	0	1.0	0	stratified	100	0.4500839139500585	351.0	448.0	0.009900990099009901	1.0	0.019801980198019802	10	70117.0	67751.5	0.03373646904459689	1423.3	126.8
4	17	2024Q2	2024Q3	DD	union	56522	34385	127	222	471.0	21.081745658270332	-11.81116611670712	0	1.0	0	stratified	100	0.4713375796178344	422.0	524.0	0.009900990099009901	1.0	0.019801980198019802	10	70786.0	68606.3	0.03079281213799335	1313.9	130.7
4	18	2024Q3	2024Q4	DD	union	61289	36544	161	277	609.89	24.658018979634196	-13.500273492162687	0	1.0	0	stratified	100	0.45418026201446166	553.0	666.0	0.009900990099009901	1.0	0.019801980198019802	10	78859.0	76600.0	0.02864606449485791	1388.3	146.4
