comments	SecurityAnalysis	2019-01	2015	629	0	0
comments	SecurityAnalysis	2019-02	2043	685	0	0
comments	SecurityAnalysis	2019-03	2669	769	0	0
comments	SecurityAnalysis	2019-04	2034	656	0	0
comments	SecurityAnalysis	2019-05	1769	615	0	0
comments	SecurityAnalysis	2019-06	1438	554	0	0
comments	SecurityAnalysis	2019-07	1533	564	0	0
comments	SecurityAnalysis	2019-08	1741	578	0	0
comments	SecurityAnalysis	2019-09	1551	562	0	0
comments	SecurityAnalysis	2019-10	1449	574	0	0
comments	SecurityAnalysis	2019-11	1591	559	0	0
comments	SecurityAnalysis	2019-12	1303	523	0	0
comments	SecurityAnalysis	2020-01	1911	719	0	0
comments	SecurityAnalysis	2020-02	1667	651	0	0
comments	SecurityAnalysis	2020-03	4258	1133	0	0
comments	SecurityAnalysis	2020-04	4416	1283	0	0
comments	SecurityAnalysis	2020-05	3099	954	0	0
comments	SecurityAnalysis	2020-06	1970	713	0	0
comments	SecurityAnalysis	2020-07	2464	841	0	0
comments	SecurityAnalysis	2020-08	2411	813	0	0
comments	SecurityAnalysis	2020-09	2089	729	0	0
comments	SecurityAnalysis	2020-10	2292	808	0	0
comments	SecurityAnalysis	2020-11	2350	731	0	0
comments	SecurityAnalysis	2020-12	3121	1067	0	0
comments	SecurityAnalysis	2021-01	5089	1555	0	0
comments	SecurityAnalysis	2021-02	2437	828	0	0
comments	SecurityAnalysis	2021-03	747	187	0	0
comments	SecurityAnalysis	2021-04	573	169	0	0
comments	SecurityAnalysis	2021-05	539	182	0	0
comments	SecurityAnalysis	2021-06	496	167	0	0
comments	SecurityAnalysis	2021-07	292	109	0	0
comments	SecurityAnalysis	2021-08	370	127	0	0
comments	SecurityAnalysis	2021-09	289	113	0	0
comments	SecurityAnalysis	2021-10	319	131	0	0
comments	SecurityAnalysis	2021-11	392	152	0	0
comments	SecurityAnalysis	2021-12	345	112	0	0
comments	SecurityAnalysis	2022-01	492	156	0	0
comments	SecurityAnalysis	2022-02	345	119	0	0
comments	SecurityAnalysis	2022-03	222	109	0	0
comments	SecurityAnalysis	2022-04	299	132	0	0
comments	SecurityAnalysis	2022-05	340	118	0	0
comments	SecurityAnalysis	2022-06	231	92	0	0
comments	SecurityAnalysis	2022-07	308	127	0	0
comments	SecurityAnalysis	2022-08	245	119	0	0
comments	SecurityAnalysis	2022-09	238	99	0	0
comments	SecurityAnalysis	2022-10	241	105	0	0
comments	SecurityAnalysis	2022-11	285	117	0	0
comments	SecurityAnalysis	2022-12	136	64	0	0
comments	SecurityAnalysis	2023-01	338	113	0	0
comments	SecurityAnalysis	2023-02	222	90	0	0
comments	SecurityAnalysis	2023-03	249	95	0	0
comments	SecurityAnalysis	2023-04	152	81	0	0
comments	SecurityAnalysis	2023-05	121	64	0	0
comments	SecurityAnalysis	2023-06	100	54	0	0
comments	SecurityAnalysis	2023-07	124	60	0	0
comments	SecurityAnalysis	2023-08	120	64	0	0
comments	SecurityAnalysis	2023-09	47	25	0	0
comments	SecurityAnalysis	2023-10	58	35	0	0
comments	SecurityAnalysis	2023-11	76	43	0	0
comments	SecurityAnalysis	2023-12	36	20	0	0
comments	SecurityAnalysis	2024-01	50	29	0	0
comments	SecurityAnalysis	2024-02	63	37	0	0
comments	SecurityAnalysis	2024-03	59	31	0	0
comments	SecurityAnalysis	2024-04	61	33	0	0
comments	SecurityAnalysis	2024-05	56	34	0	0
comments	SecurityAnalysis	2024-06	21	18	0	0
comments	SecurityAnalysis	2024-07	58	37	0	0
comments	SecurityAnalysis	2024-08	56	38	0	0
comments	SecurityAnalysis	2024-09	41	22	0	0
comments	SecurityAnalysis	2024-10	72	49	0	0
comments	SecurityAnalysis	2024-11	44	31	0	0
comments	SecurityAnalysis	2024-12	19	14	0	0
comments	StockMarket	2019-01	8094	2889	0	0
comments	StockMarket	2019-02	6593	2540	0	0
comments	StockMarket	2019-03	7253	2812	0	0
comments	StockMarket	2019-04	5732	2425	0	0
comments	StockMarket	2019-05	5959	2457	0	0
comments	StockMarket	2019-06	5918	2206	0	0
comments	StockMarket	2019-07	7121	2712	0	0
comments	StockMarket	2019-08	10130	3609	0	0
comments	StockMarket	2019-09	5061	2080	0	0
comments	StockMarket	2019-10	6082	2397	0	0
comments	StockMarket	2019-11	6460	2530	0	0
comments	StockMarket	2019-12	5777	2227	0	0
comments	StockMarket	2020-01	8700	3169	0	0
comments	StockMarket	2020-02	12502	4411	0	0
comments	StockMarket	2020-03	27557	8055	0	0
comments	StockMarket	2020-04	26269	7437	0	0
comments	StockMarket	2020-05	20014	6232	0	0
comments	StockMarket	2020-06	21849	6883	0	0
comments	StockMarket	2020-07	19682	6235	0	0
comments	StockMarket	2020-08	20949	6748	0	0
comments	StockMarket	2020-09	17842	5920	0	0
comments	StockMarket	2020-10	12896	4462	0	0
comments	StockMarket	2020-11	15288	5143	0	0
comments	StockMarket	2020-12	18005	6218	0	0
comments	StockMarket	2021-01	45415	16542	0	0
comments	StockMarket	2021-02	72777	26306	0	0
comments	StockMarket	2021-03	47971	17192	0	0
comments	StockMarket	2021-04	34830	12844	0	0
comments	StockMarket	2021-05	37289	13487	0	0
comments	StockMarket	2021-06	39124	14657	0	0
comments	StockMarket	2021-07	38321	13403	0	0
comments	StockMarket	2021-08	35737	13417	0	0
comments	StockMarket	2021-09	36312	13686	0	0
comments	StockMarket	2021-10	35698	12898	0	0
comments	StockMarket	2021-11	38621	12739	0	0
comments	StockMarket	2021-12	28931	9384	0	0
comments	StockMarket	2022-01	31798	10059	0	0
comments	StockMarket	2022-02	20733	8213	0	0
comments	StockMarket	2022-03	23189	9051	0	0
comments	StockMarket	2022-04	19515	7908	0	0
comments	StockMarket	2022-05	31251	11133	0	0
comments	StockMarket	2022-06	31492	11436	0	0
comments	StockMarket	2022-07	22261	9062	0	0
comments	StockMarket	2022-08	26998	9891	0	0
comments	StockMarket	2022-09	38503	13749	0	0
comments	StockMarket	2022-10	38541	13563	0	0
comments	StockMarket	2022-11	44503	15859	0	0
comments	StockMarket	2022-12	36982	14171	0	0
comments	StockMarket	2023-01	29337	10612	0	0
comments	StockMarket	2023-02	24902	9613	0	0
comments	StockMarket	2023-03	31096	11311	0	0
comments	StockMarket	2023-04	23446	8820	0	0
comments	StockMarket	2023-05	21139	7612	0	0
comments	StockMarket	2023-06	21483	8605	0	0
comments	StockMarket	2023-07	20630	8153	0	0
comments	StockMarket	2023-08	16330	6819	0	0
comments	StockMarket	2023-09	10985	5413	0	0
comments	StockMarket	2023-10	10280	4687	0	0
comments	StockMarket	2023-11	9479	4798	0	0
comments	StockMarket	2023-12	13896	5976	0	0
comments	StockMarket	2024-01	13878	5960	0	0
comments	StockMarket	2024-02	14834	6841	0	0
comments	StockMarket	2024-03	12818	5637	0	0
comments	StockMarket	2024-04	10146	4768	0	0
comments	StockMarket	2024-05	14889	7090	0	0
comments	StockMarket	2024-06	20452	8524	0	0
comments	StockMarket	2024-07	18385	8370	0	0
comments	StockMarket	2024-08	24504	10193	0	0
comments	StockMarket	2024-09	15112	6947	0	0
comments	StockMarket	2024-10	13492	6205	0	0
comments	StockMarket	2024-11	15544	7542	0	0
comments	StockMarket	2024-12	21534	10007	0	0
comments	ValueInvesting	2019-01	211	61	0	0
comments	ValueInvesting	2019-02	133	53	0	0
comments	ValueInvesting	2019-03	166	73	0	0
comments	ValueInvesting	2019-04	60	42	0	0
comments	ValueInvesting	2019-05	163	76	0	0
comments	ValueInvesting	2019-06	188	86	0	0
comments	ValueInvesting	2019-07	116	52	0	0
comments	ValueInvesting	2019-08	105	47	0	0
comments	ValueInvesting	2019-09	145	82	0	0
comments	ValueInvesting	2019-10	149	68	0	0
comments	ValueInvesting	2019-11	76	40	0	0
comments	ValueInvesting	2019-12	76	43	0	0
comments	ValueInvesting	2020-01	195	78	0	0
comments	ValueInvesting	2020-02	257	117	0	0
comments	ValueInvesting	2020-03	476	186	0	0
comments	ValueInvesting	2020-04	996	312	0	0
comments	ValueInvesting	2020-05	1107	346	0	0
comments	ValueInvesting	2020-06	998	365	0	0
comments	ValueInvesting	2020-07	1287	455	0	0
comments	ValueInvesting	2020-08	1267	500	0	0
comments	ValueInvesting	2020-09	1294	501	0	0
comments	ValueInvesting	2020-10	1023	350	0	0
comments	ValueInvesting	2020-11	1129	390	0	0
comments	ValueInvesting	2020-12	1801	600	0	0
comments	ValueInvesting	2021-01	3745	1095	0	0
comments	ValueInvesting	2021-02	9401	2537	0	0
comments	ValueInvesting	2021-03	9985	2509	0	0
comments	ValueInvesting	2021-04	8853	2325	0	0
comments	ValueInvesting	2021-05	9635	2381	0	0
comments	ValueInvesting	2021-06	9382	2712	0	0
comments	ValueInvesting	2021-07	8116	2052	0	0
comments	ValueInvesting	2021-08	8544	2182	0	0
comments	ValueInvesting	2021-09	7440	2151	0	0
comments	ValueInvesting	2021-10	7596	2256	0	0
comments	ValueInvesting	2021-11	10036	2755	0	0
comments	ValueInvesting	2021-12	12931	3030	0	0
comments	ValueInvesting	2022-01	18418	3832	0	0
comments	ValueInvesting	2022-02	14370	3084	0	0
comments	ValueInvesting	2022-03	12125	2942	0	0
comments	ValueInvesting	2022-04	11552	2760	0	0
comments	ValueInvesting	2022-05	11062	2475	0	0
comments	ValueInvesting	2022-06	9384	2288	0	0
comments	ValueInvesting	2022-07	8640	2497	0	0
comments	ValueInvesting	2022-08	10137	2623	0	0
comments	ValueInvesting	2022-09	9820	3086	0	0
comments	ValueInvesting	2022-10	10423	3517	0	0
comments	ValueInvesting	2022-11	8317	2603	0	0
comments	ValueInvesting	2022-12	7533	2318	0	0
comments	ValueInvesting	2023-01	11080	2829	0	0
comments	ValueInvesting	2023-02	9522	2926	0	0
comments	ValueInvesting	2023-03	8282	2486	0	0
comments	ValueInvesting	2023-04	7220	2341	0	0
comments	ValueInvesting	2023-05	9666	2418	0	0
comments	ValueInvesting	2023-06	9244	2328	0	0
comments	ValueInvesting	2023-07	7339	1970	0	0
comments	ValueInvesting	2023-08	6845	1889	0	0
comments	ValueInvesting	2023-09	8784	3402	0	0
comments	ValueInvesting	2023-10	10931	4126	0	0
comments	ValueInvesting	2023-11	9170	3270	0	0
comments	ValueInvesting	2023-12	10572	3088	0	0
comments	ValueInvesting	2024-01	13384	3690	0	0
comments	ValueInvesting	2024-02	12927	3545	0	0
comments	ValueInvesting	2024-03	14425	3783	0	0
comments	ValueInvesting	2024-04	11513	3182	0	0
comments	ValueInvesting	2024-05	15045	5217	0	0
comments	ValueInvesting	2024-06	21257	6389	0	0
comments	ValueInvesting	2024-07	18201	5236	0	0
comments	ValueInvesting	2024-08	21859	5757	0	0
comments	ValueInvesting	2024-09	19036	5623	0	0
comments	ValueInvesting	2024-10	19307	5147	0	0
comments	ValueInvesting	2024-11	25569	6997	0	0
comments	ValueInvesting	2024-12	35412	9429	0	0
comments	investing	2019-01	54476	12073	0	0
comments	investing	2019-02	44117	10122	0	0
comments	investing	2019-03	47671	10909	0	0
comments	investing	2019-04	45237	10530	0	0
comments	investing	2019-05	45157	9908	0	0
comments	investing	2019-06	46041	10131	0	0
comments	investing	2019-07	49288	10531	0	0
comments	investing	2019-08	58402	11589	0	0
comments	investing	2019-09	43696	9532	0	0
comments	investing	2019-10	47642	9909	0	0
comments	investing	2019-11	46559	10368	0	0
comments	investing	2019-12	51137	10702	0	0
comments	investing	2020-01	54262	11214	0	0
comments	investing	2020-02	80076	15812	0	0
comments	investing	2020-03	188679	29585	0	0
comments	investing	2020-04	140349	24101	0	0
comments	investing	2020-05	104651	19581	0	0
comments	investing	2020-06	92205	18293	0	0
comments	investing	2020-07	81956	16416	0	0
comments	investing	2020-08	82721	16727	0	0
comments	investing	2020-09	74044	15189	0	0
comments	investing	2020-10	56389	12729	0	0
comments	investing	2020-11	64103	14138	0	0
comments	investing	2020-12	90170	18782	0	0
comments	investing	2021-01	142009	30348	0	0
comments	investing	2021-02	147081	34265	0	0
comments	investing	2021-03	85421	19040	0	0
comments	investing	2021-04	51710	12397	0	0
comments	investing	2021-05	68200	16065	0	0
comments	investing	2021-06	64442	15185	0	0
comments	investing	2021-07	53686	12646	0	0
comments	investing	2021-08	46419	11024	0	0
comments	investing	2021-09	32770	8785	0	0
comments	investing	2021-10	42295	10730	0	0
comments	investing	2021-11	49792	12676	0	0
comments	investing	2021-12	46460	11264	0	0
comments	investing	2022-01	56043	13848	0	0
comments	investing	2022-02	45023	11540	0	0
comments	investing	2022-03	41724	10681	0	0
comments	investing	2022-04	48433	13008	0	0
comments	investing	2022-05	55652	14513	0	0
comments	investing	2022-06	39858	10879	0	0
comments	investing	2022-07	35739	10318	0	0
comments	investing	2022-08	29677	8652	0	0
comments	investing	2022-09	41838	12002	0	0
comments	investing	2022-10	42014	12241	0	0
comments	investing	2022-11	35528	11096	0	0
comments	investing	2022-12	38330	11287	0	0
comments	investing	2023-01	39475	10918	0	0
comments	investing	2023-02	31394	9291	0	0
comments	investing	2023-03	43441	11714	0	0
comments	investing	2023-04	31839	9221	0	0
comments	investing	2023-05	30315	8195	0	0
comments	investing	2023-06	29831	9112	0	0
comments	investing	2023-07	28635	8498	0	0
comments	investing	2023-08	31365	9013	0	0
comments	investing	2023-09	37671	12447	0	0
comments	investing	2023-10	38579	12320	0	0
comments	investing	2023-11	35590	11180	0	0
comments	investing	2023-12	35320	10734	0	0
comments	investing	2024-01	43792	11763	0	0
comments	investing	2024-02	45649	13122	0	0
comments	investing	2024-03	53017	16046	0	0
comments	investing	2024-04	40469	12408	0	0
comments	investing	2024-05	30955	9024	0	0
comments	investing	2024-06	33501	9663	0	0
comments	investing	2024-07	35802	11246	0	0
comments	investing	2024-08	39655	11879	0	0
comments	investing	2024-09	34722	10731	0	0
comments	investing	2024-10	32480	9934	0	0
comments	investing	2024-11	44071	14018	0	0
comments	investing	2024-12	51674	15017	0	0
comments	stocks	2019-01	17253	4478	0	0
comments	stocks	2019-02	13876	3896	0	0
comments	stocks	2019-03	15753	4598	0	0
comments	stocks	2019-04	15088	4445	0	0
comments	stocks	2019-05	18801	5153	0	0
comments	stocks	2019-06	17212	4593	0	0
comments	stocks	2019-07	17189	4885	0	0
comments	stocks	2019-08	19019	5385	0	0
comments	stocks	2019-09	14415	4361	0	0
comments	stocks	2019-10	16043	4973	0	0
comments	stocks	2019-11	19281	5691	0	0
comments	stocks	2019-12	21223	5785	0	0
comments	stocks	2020-01	31837	7366	0	0
comments	stocks	2020-02	46416	9956	0	0
comments	stocks	2020-03	96282	18630	0	0
comments	stocks	2020-04	110160	19293	0	0
comments	stocks	2020-05	103533	17651	0	0
comments	stocks	2020-06	117674	21141	0	0
comments	stocks	2020-07	109276	19561	0	0
comments	stocks	2020-08	102434	18950	0	0
comments	stocks	2020-09	93876	18871	0	0
comments	stocks	2020-10	80258	17237	0	0
comments	stocks	2020-11	103355	19235	0	0
comments	stocks	2020-12	134069	25129	0	0
comments	stocks	2021-01	221595	46634	0	0
comments	stocks	2021-02	308532	53705	0	0
comments	stocks	2021-03	243765	41049	0	0
comments	stocks	2021-04	144120	28742	0	0
comments	stocks	2021-05	128070	26313	0	0
comments	stocks	2021-06	112186	25117	0	0
comments	stocks	2021-07	108713	22741	0	0
comments	stocks	2021-08	101608	20504	0	0
comments	stocks	2021-09	94859	21443	0	0
comments	stocks	2021-10	98340	21456	0	0
comments	stocks	2021-11	138726	26905	0	0
comments	stocks	2021-12	143950	25797	0	0
comments	stocks	2022-01	180794	29937	0	0
comments	stocks	2022-02	141269	25591	0	0
comments	stocks	2022-03	130119	25324	0	0
comments	stocks	2022-04	132276	26643	0	0
comments	stocks	2022-05	168666	29189	0	0
comments	stocks	2022-06	121070	25117	0	0
comments	stocks	2022-07	109448	23730	0	0
comments	stocks	2022-08	105473	23090	0	0
comments	stocks	2022-09	103256	21043	0	0
comments	stocks	2022-10	102412	20945	0	0
comments	stocks	2022-11	77779	17573	0	0
comments	stocks	2022-12	70369	16410	0	0
comments	stocks	2023-01	68436	15639	0	0
comments	stocks	2023-02	59231	14794	0	0
comments	stocks	2023-03	71972	17038	0	0
comments	stocks	2023-04	53554	13808	0	0
comments	stocks	2023-05	65063	15596	0	0
comments	stocks	2023-06	57570	14490	0	0
comments	stocks	2023-07	60795	14490	0	0
comments	stocks	2023-08	52868	12901	0	0
comments	stocks	2023-09	51591	13103	0	0
comments	stocks	2023-10	52528	13936	0	0
comments	stocks	2023-11	46065	12078	0	0
comments	stocks	2023-12	53519	13880	0	0
comments	stocks	2024-01	57030	14469	0	0
comments	stocks	2024-02	65010	16559	0	0
comments	stocks	2024-03	61112	16563	0	0
comments	stocks	2024-04	57659	16506	0	0
comments	stocks	2024-05	51067	14486	0	0
comments	stocks	2024-06	51369	13601	0	0
comments	stocks	2024-07	56432	14952	0	0
comments	stocks	2024-08	68273	19133	0	0
comments	stocks	2024-09	37121	10066	0	0
comments	stocks	2024-10	45362	12962	0	0
comments	stocks	2024-11	44938	12926	0	0
comments	stocks	2024-12	50580	13956	0	0
comments	wallstreetbets	2019-01	250743	22772	0	0
comments	wallstreetbets	2019-02	179974	17189	0	0
comments	wallstreetbets	2019-03	213335	17747	0	0
comments	wallstreetbets	2019-04	331383	91917	0	0
comments	wallstreetbets	2019-05	285811	19510	0	0
comments	wallstreetbets	2019-06	262330	32507	0	0
comments	wallstreetbets	2019-07	260222	23607	0	0
comments	wallstreetbets	2019-08	398363	30472	0	0
comments	wallstreetbets	2019-09	299366	19746	0	0
comments	wallstreetbets	2019-10	356014	22120	0	0
comments	wallstreetbets	2019-11	325562	30301	0	0
comments	wallstreetbets	2019-12	258173	21151	0	0
comments	wallstreetbets	2020-01	512841	27104	0	0
comments	wallstreetbets	2020-02	1041983	50584	0	0
comments	wallstreetbets	2020-03	2604254	86504	0	0
comments	wallstreetbets	2020-04	1914728	91259	0	0
comments	wallstreetbets	2020-05	1546285	67398	0	0
comments	wallstreetbets	2020-06	1817426	65220	0	0
comments	wallstreetbets	2020-07	1508911	69503	0	0
comments	wallstreetbets	2020-08	1350450	58996	0	0
comments	wallstreetbets	2020-09	1408974	65691	0	0
comments	wallstreetbets	2020-10	1196563	57152	0	0
comments	wallstreetbets	2020-11	1521423	70672	0	0
comments	wallstreetbets	2020-12	1756602	89968	0	0
comments	wallstreetbets	2021-01	8047394	591246	0	0
comments	wallstreetbets	2021-02	6681196	494931	0	0
comments	wallstreetbets	2021-03	4183708	264271	0	0
comments	wallstreetbets	2021-04	1682316	143352	0	0
comments	wallstreetbets	2021-05	1364085	147444	0	0
comments	wallstreetbets	2021-06	2184324	136701	0	0
comments	wallstreetbets	2021-07	1099745	72154	0	0
comments	wallstreetbets	2021-08	1010944	68038	0	0
comments	wallstreetbets	2021-09	1005527	70160	0	0
comments	wallstreetbets	2021-10	922417	69811	0	0
comments	wallstreetbets	2021-11	1052764	82019	0	0
comments	wallstreetbets	2021-12	1003755	84076	0	0
comments	wallstreetbets	2022-01	1367916	121018	0	0
comments	wallstreetbets	2022-02	1158353	85043	0	0
comments	wallstreetbets	2022-03	1125714	89946	0	0
comments	wallstreetbets	2022-04	1093424	117757	0	0
comments	wallstreetbets	2022-05	1265441	120251	0	0
comments	wallstreetbets	2022-06	1131693	108034	0	0
comments	wallstreetbets	2022-07	1084335	107705	0	0
comments	wallstreetbets	2022-08	1717112	134912	0	0
comments	wallstreetbets	2022-09	1200204	124216	0	0
comments	wallstreetbets	2022-10	1161800	115224	0	0
comments	wallstreetbets	2022-11	1002235	116881	0	0
comments	wallstreetbets	2022-12	921066	110170	0	0
comments	wallstreetbets	2023-01	902305	99267	0	0
comments	wallstreetbets	2023-02	808686	81416	0	0
comments	wallstreetbets	2023-03	940127	86575	0	0
comments	wallstreetbets	2023-04	625892	60609	0	0
comments	wallstreetbets	2023-05	657998	58109	0	0
comments	wallstreetbets	2023-06	639013	68532	0	0
comments	wallstreetbets	2023-07	600481	61966	0	0
comments	wallstreetbets	2023-08	632437	59981	0	0
comments	wallstreetbets	2023-09	510026	61714	0	0
comments	wallstreetbets	2023-10	577118	65747	0	0
comments	wallstreetbets	2023-11	528434	74579	0	0
comments	wallstreetbets	2023-12	542674	71282	0	0
comments	wallstreetbets	2024-01	667839	82684	0	0
comments	wallstreetbets	2024-02	901849	90361	0	0
comments	wallstreetbets	2024-03	961845	98047	0	0
comments	wallstreetbets	2024-04	815548	73850	0	0
comments	wallstreetbets	2024-05	788895	75169	0	0
comments	wallstreetbets	2024-06	665301	62393	0	0
comments	wallstreetbets	2024-07	698197	61210	0	0
comments	wallstreetbets	2024-08	870801	85803	0	0
comments	wallstreetbets	2024-09	551696	57557	0	0
comments	wallstreetbets	2024-10	598708	77331	0	0
comments	wallstreetbets	2024-11	658623	71665	0	0
comments	wallstreetbets	2024-12	659567	67902	0	0
posts	SecurityAnalysis	2019-01	296	150	0	0
posts	SecurityAnalysis	2019-02	248	147	0	0
posts	SecurityAnalysis	2019-03	324	160	0	0
posts	SecurityAnalysis	2019-04	223	123	0	0
posts	SecurityAnalysis	2019-05	234	108	0	0
posts	SecurityAnalysis	2019-06	197	100	0	0
posts	SecurityAnalysis	2019-07	208	122	0	0
posts	SecurityAnalysis	2019-08	209	122	0	0
posts	SecurityAnalysis	2019-09	187	106	0	0
posts	SecurityAnalysis	2019-10	186	99	0	0
posts	SecurityAnalysis	2019-11	189	99	0	0
posts	SecurityAnalysis	2019-12	162	98	0	0
posts	SecurityAnalysis	2020-01	220	114	0	0
posts	SecurityAnalysis	2020-02	235	137	0	0
posts	SecurityAnalysis	2020-03	347	197	0	0
posts	SecurityAnalysis	2020-04	386	197	0	0
posts	SecurityAnalysis	2020-05	343	159	0	0
posts	SecurityAnalysis	2020-06	282	133	0	0
posts	SecurityAnalysis	2020-07	249	123	0	0
posts	SecurityAnalysis	2020-08	259	138	0	0
posts	SecurityAnalysis	2020-09	274	133	0	0
posts	SecurityAnalysis	2020-10	296	130	0	0
posts	SecurityAnalysis	2020-11	260	125	0	0
posts	SecurityAnalysis	2020-12	308	130	0	0
posts	SecurityAnalysis	2021-01	428	228	0	0
posts	SecurityAnalysis	2021-02	183	72	0	0
posts	SecurityAnalysis	2021-03	157	37	0	0
posts	SecurityAnalysis	2021-04	155	45	0	0
posts	SecurityAnalysis	2021-05	134	46	0	0
posts	SecurityAnalysis	2021-06	93	44	0	0
posts	SecurityAnalysis	2021-07	74	31	0	0
posts	SecurityAnalysis	2021-08	64	30	0	0
posts	SecurityAnalysis	2021-09	69	28	0	0
posts	SecurityAnalysis	2021-10	80	28	0	0
posts	SecurityAnalysis	2021-11	90	33	0	0
posts	SecurityAnalysis	2021-12	88	33	0	0
posts	SecurityAnalysis	2022-01	99	32	0	0
posts	SecurityAnalysis	2022-02	86	33	0	0
posts	SecurityAnalysis	2022-03	76	25	0	0
posts	SecurityAnalysis	2022-04	77	31	0	0
posts	SecurityAnalysis	2022-05	85	23	0	0
posts	SecurityAnalysis	2022-06	86	28	0	0
posts	SecurityAnalysis	2022-07	71	19	0	0
posts	SecurityAnalysis	2022-08	73	20	0	0
posts	SecurityAnalysis	2022-09	94	19	0	0
posts	SecurityAnalysis	2022-10	67	14	0	0
posts	SecurityAnalysis	2022-11	91	21	0	0
posts	SecurityAnalysis	2022-12	54	16	0	0
posts	SecurityAnalysis	2023-01	89	23	0	0
posts	SecurityAnalysis	2023-02	93	22	0	0
posts	SecurityAnalysis	2023-03	112	29	0	0
posts	SecurityAnalysis	2023-04	83	23	0	0
posts	SecurityAnalysis	2023-05	83	24	0	0
posts	SecurityAnalysis	2023-06	91	16	0	0
posts	SecurityAnalysis	2023-07	92	27	0	0
posts	SecurityAnalysis	2023-08	83	22	0	0
posts	SecurityAnalysis	2023-09	69	13	0	0
posts	SecurityAnalysis	2023-10	79	20	0	0
posts	SecurityAnalysis	2023-11	62	20	0	0
posts	SecurityAnalysis	2023-12	65	12	0	0
posts	SecurityAnalysis	2024-01	49	15	0	0
posts	SecurityAnalysis	2024-02	62	16	0	0
posts	SecurityAnalysis	2024-03	68	12	0	0
posts	SecurityAnalysis	2024-04	55	16	0	0
posts	SecurityAnalysis	2024-05	50	13	0	0
posts	SecurityAnalysis	2024-06	54	14	0	0
posts	SecurityAnalysis	2024-07	68	20	0	0
posts	SecurityAnalysis	2024-08	49	24	0	0
posts	SecurityAnalysis	2024-09	54	22	0	0
posts	SecurityAnalysis	2024-10	59	21	0	0
posts	SecurityAnalysis	2024-11	49	16	0	0
posts	SecurityAnalysis	2024-12	23	13	0	0
posts	StockMarket	2019-01	733	414	0	0
posts	StockMarket	2019-02	638	391	0	0
posts	StockMarket	2019-03	662	360	0	0
posts	StockMarket	2019-04	647	291	0	0
posts	StockMarket	2019-05	666	320	0	0
posts	StockMarket	2019-06	654	342	0	0
posts	StockMarket	2019-07	654	371	0	0
posts	StockMarket	2019-08	715	387	0	0
posts	StockMarket	2019-09	589	263	0	0
posts	StockMarket	2019-10	612	236	0	0
posts	StockMarket	2019-11	540	285	0	0
posts	StockMarket	2019-12	480	246	0	0
posts	StockMarket	2020-01	816	389	0	0
posts	StockMarket	2020-02	1106	570	0	0
posts	StockMarket	2020-03	2387	1294	0	0
posts	StockMarket	2020-04	2116	1259	0	0
posts	StockMarket	2020-05	1876	874	0	0
posts	StockMarket	2020-06	2164	1018	0	0
posts	StockMarket	2020-07	1765	894	0	0
posts	StockMarket	2020-08	1846	950	0	0
posts	StockMarket	2020-09	1601	713	0	0
posts	StockMarket	2020-10	1487	644	0	0
posts	StockMarket	2020-11	1520	737	0	0
posts	StockMarket	2020-12	1835	919	0	0
posts	StockMarket	2021-01	6835	4056	0	0
posts	StockMarket	2021-02	12559	6718	0	0
posts	StockMarket	2021-03	6533	3213	0	0
posts	StockMarket	2021-04	4208	2156	0	0
posts	StockMarket	2021-05	3865	1945	0	0
posts	StockMarket	2021-06	4711	2383	0	0
posts	StockMarket	2021-07	3748	1544	0	0
posts	StockMarket	2021-08	3307	1453	0	0
posts	StockMarket	2021-09	2842	1358	0	0
posts	StockMarket	2021-10	2882	1300	0	0
posts	StockMarket	2021-11	3014	1418	0	0
posts	StockMarket	2021-12	2247	1079	0	0
posts	StockMarket	2022-01	2494	1205	0	0
posts	StockMarket	2022-02	1907	960	0	0
posts	StockMarket	2022-03	1875	938	0	0
posts	StockMarket	2022-04	1927	899	0	0
posts	StockMarket	2022-05	2029	1025	0	0
posts	StockMarket	2022-06	2020	936	0	0
posts	StockMarket	2022-07	1790	809	0	0
posts	StockMarket	2022-08	2107	898	0	0
posts	StockMarket	2022-09	2148	862	0	0
posts	StockMarket	2022-10	2467	1015	0	0
posts	StockMarket	2022-11	2554	897	0	0
posts	StockMarket	2022-12	2650	1174	0	0
posts	StockMarket	2023-01	2677	945	0	0
posts	StockMarket	2023-02	2602	900	0	0
posts	StockMarket	2023-03	3074	1017	0	0
posts	StockMarket	2023-04	1855	763	0	0
posts	StockMarket	2023-05	1638	757	0	0
posts	StockMarket	2023-06	1683	732	0	0
posts	StockMarket	2023-07	1597	988	0	0
posts	StockMarket	2023-08	1392	901	0	0
posts	StockMarket	2023-09	1196	783	0	0
posts	StockMarket	2023-10	981	678	0	0
posts	StockMarket	2023-11	1076	714	0	0
posts	StockMarket	2023-12	1372	918	0	0
posts	StockMarket	2024-01	1257	865	0	0
posts	StockMarket	2024-02	1467	1034	0	0
posts	StockMarket	2024-03	1454	1023	0	0
posts	StockMarket	2024-04	1107	765	0	0
posts	StockMarket	2024-05	1365	955	0	0
posts	StockMarket	2024-06	1306	906	0	0
posts	StockMarket	2024-07	1631	1082	0	0
posts	StockMarket	2024-08	1917	1330	0	0
posts	StockMarket	2024-09	1246	852	0	0
posts	StockMarket	2024-10	1458	995	0	0
posts	StockMarket	2024-11	1506	1076	0	0
posts	StockMarket	2024-12	1921	1369	0	0
posts	ValueInvesting	2019-01	36	28	0	0
posts	ValueInvesting	2019-02	32	20	0	0
posts	ValueInvesting	2019-03	32	22	0	0
posts	ValueInvesting	2019-04	16	12	0	0
posts	ValueInvesting	2019-05	27	21	0	0
posts	ValueInvesting	2019-06	21	20	0	0
posts	ValueInvesting	2019-07	17	14	0	0
posts	ValueInvesting	2019-08	14	11	0	0
posts	ValueInvesting	2019-09	26	19	0	0
posts	ValueInvesting	2019-10	26	17	0	0
posts	ValueInvesting	2019-11	21	12	0	0
posts	ValueInvesting	2019-12	20	17	0	0
posts	ValueInvesting	2020-01	39	22	0	0
posts	ValueInvesting	2020-02	56	41	0	0
posts	ValueInvesting	2020-03	87	56	0	0
posts	ValueInvesting	2020-04	133	70	0	0
posts	ValueInvesting	2020-05	170	75	0	0
posts	ValueInvesting	2020-06	153	75	0	0
posts	ValueInvesting	2020-07	148	92	0	0
posts	ValueInvesting	2020-08	159	96	0	0
posts	ValueInvesting	2020-09	135	79	0	0
posts	ValueInvesting	2020-10	163	77	0	0
posts	ValueInvesting	2020-11	149	79	0	0
posts	ValueInvesting	2020-12	228	117	0	0
posts	ValueInvesting	2021-01	378	192	0	0
posts	ValueInvesting	2021-02	757	397	0	0
posts	ValueInvesting	2021-03	689	344	0	0
posts	ValueInvesting	2021-04	646	345	0	0
posts	ValueInvesting	2021-05	573	329	0	0
posts	ValueInvesting	2021-06	542	328	0	0
posts	ValueInvesting	2021-07	594	291	0	0
posts	ValueInvesting	2021-08	555	269	0	0
posts	ValueInvesting	2021-09	422	236	0	0
posts	ValueInvesting	2021-10	433	236	0	0
posts	ValueInvesting	2021-11	552	272	0	0
posts	ValueInvesting	2021-12	592	327	0	0
posts	ValueInvesting	2022-01	779	375	0	0
posts	ValueInvesting	2022-02	639	319	0	0
posts	ValueInvesting	2022-03	596	322	0	0
posts	ValueInvesting	2022-04	602	320	0	0
posts	ValueInvesting	2022-05	543	305	0	0
posts	ValueInvesting	2022-06	453	252	0	0
posts	ValueInvesting	2022-07	421	268	0	0
posts	ValueInvesting	2022-08	479	271	0	0
posts	ValueInvesting	2022-09	349	228	0	0
posts	ValueInvesting	2022-10	474	291	0	0
posts	ValueInvesting	2022-11	438	249	0	0
posts	ValueInvesting	2022-12	566	406	0	0
posts	ValueInvesting	2023-01	542	295	0	0
posts	ValueInvesting	2023-02	495	289	0	0
posts	ValueInvesting	2023-03	414	266	0	0
posts	ValueInvesting	2023-04	379	211	0	0
posts	ValueInvesting	2023-05	461	261	0	0
posts	ValueInvesting	2023-06	469	250	0	0
posts	ValueInvesting	2023-07	434	287	0	0
posts	ValueInvesting	2023-08	449	268	0	0
posts	ValueInvesting	2023-09	507	314	0	0
posts	ValueInvesting	2023-10	467	307	0	0
posts	ValueInvesting	2023-11	465	304	0	0
posts	ValueInvesting	2023-12	581	332	0	0
posts	ValueInvesting	2024-01	692	399	0	0
posts	ValueInvesting	2024-02	663	442	0	0
posts	ValueInvesting	2024-03	688	457	0	0
posts	ValueInvesting	2024-04	674	422	0	0
posts	ValueInvesting	2024-05	715	463	0	0
posts	ValueInvesting	2024-06	799	500	0	0
posts	ValueInvesting	2024-07	822	501	0	0
posts	ValueInvesting	2024-08	958	617	0	0
posts	ValueInvesting	2024-09	816	516	0	0
posts	ValueInvesting	2024-10	921	561	0	0
posts	ValueInvesting	2024-11	1094	677	0	0
posts	ValueInvesting	2024-12	1218	767	0	0
posts	investing	2019-01	2621	1593	0	0
posts	investing	2019-02	2124	1271	0	0
posts	investing	2019-03	2375	1351	0	0
posts	investing	2019-04	2104	1271	0	0
posts	investing	2019-05	2053	1302	0	0
posts	investing	2019-06	2141	1306	0	0
posts	investing	2019-07	2260	1409	0	0
posts	investing	2019-08	2641	1651	0	0
posts	investing	2019-09	2028	1199	0	0
posts	investing	2019-10	2272	1235	0	0
posts	investing	2019-11	2539	1335	0	0
posts	investing	2019-12	2601	1491	0	0
posts	investing	2020-01	3105	1881	0	0
posts	investing	2020-02	4247	2456	0	0
posts	investing	2020-03	8749	4810	0	0
posts	investing	2020-04	6652	4141	0	0
posts	investing	2020-05	5117	2678	0	0
posts	investing	2020-06	5226	2553	0	0
posts	investing	2020-07	4523	2226	0	0
posts	investing	2020-08	4757	2426	0	0
posts	investing	2020-09	4069	2061	0	0
posts	investing	2020-10	3587	1897	0	0
posts	investing	2020-11	3912	2039	0	0
posts	investing	2020-12	5397	2866	0	0
posts	investing	2021-01	11204	6343	0	0
posts	investing	2021-02	14089	7789	0	0
posts	investing	2021-03	6688	3582	0	0
posts	investing	2021-04	4736	2619	0	0
posts	investing	2021-05	4302	2517	0	0
posts	investing	2021-06	4185	2544	0	0
posts	investing	2021-07	3557	1854	0	0
posts	investing	2021-08	3319	1706	0	0
posts	investing	2021-09	2874	1481	0	0
posts	investing	2021-10	2976	1557	0	0
posts	investing	2021-11	3414	1820	0	0
posts	investing	2021-12	3055	1763	0	0
posts	investing	2022-01	3610	1987	0	0
posts	investing	2022-02	2661	1546	0	0
posts	investing	2022-03	2427	1514	0	0
posts	investing	2022-04	2481	1527	0	0
posts	investing	2022-05	2586	1575	0	0
posts	investing	2022-06	2171	1272	0	0
posts	investing	2022-07	2040	1285	0	0
posts	investing	2022-08	2192	1407	0	0
posts	investing	2022-09	2343	1449	0	0
posts	investing	2022-10	2225	1411	0	0
posts	investing	2022-11	2237	1385	0	0
posts	investing	2022-12	2518	1719	0	0
posts	investing	2023-01	2660	1672	0	0
posts	investing	2023-02	2300	1457	0	0
posts	investing	2023-03	2800	1714	0	0
posts	investing	2023-04	2299	1342	0	0
posts	investing	2023-05	2345	1300	0	0
posts	investing	2023-06	2329	1398	0	0
posts	investing	2023-07	2706	2026	0	0
posts	investing	2023-08	2735	2020	0	0
posts	investing	2023-09	2731	2016	0	0
posts	investing	2023-10	2506	1829	0	0
posts	investing	2023-11	2636	1986	0	0
posts	investing	2023-12	3058	2313	0	0
posts	investing	2024-01	3757	2809	0	0
posts	investing	2024-02	3446	2603	0	0
posts	investing	2024-03	4195	3172	0	0
posts	investing	2024-04	3425	2658	0	0
posts	investing	2024-05	3002	2330	0	0
posts	investing	2024-06	3263	2532	0	0
posts	investing	2024-07	3312	2561	0	0
posts	investing	2024-08	3561	2714	0	0
posts	investing	2024-09	3233	2472	0	0
posts	investing	2024-10	3409	2519	0	0
posts	investing	2024-11	4118	2962	0	0
posts	investing	2024-12	4421	3245	0	0
posts	stocks	2019-01	1473	769	0	0
posts	stocks	2019-02	1249	731	0	0
posts	stocks	2019-03	1370	708	0	0
posts	stocks	2019-04	1330	762	0	0
posts	stocks	2019-05	1519	852	0	0
posts	stocks	2019-06	1351	734	0	0
posts	stocks	2019-07	1452	844	0	0
posts	stocks	2019-08	1627	1011	0	0
posts	stocks	2019-09	1195	649	0	0
posts	stocks	2019-10	1387	747	0	0
posts	stocks	2019-11	1585	861	0	0
posts	stocks	2019-12	1610	873	0	0
posts	stocks	2020-01	2519	1347	0	0
posts	stocks	2020-02	3635	1807	0	0
posts	stocks	2020-03	6899	3455	0	0
posts	stocks	2020-04	7840	4145	0	0
posts	stocks	2020-05	6954	3015	0	0
posts	stocks	2020-06	9433	3976	0	0
posts	stocks	2020-07	7946	3580	0	0
posts	stocks	2020-08	7021	3262	0	0
posts	stocks	2020-09	5536	2497	0	0
posts	stocks	2020-10	4854	2260	0	0
posts	stocks	2020-11	6152	2907	0	0
posts	stocks	2020-12	8044	3833	0	0
posts	stocks	2021-01	18675	10547	0	0
posts	stocks	2021-02	24452	14431	0	0
posts	stocks	2021-03	11952	6918	0	0
posts	stocks	2021-04	7382	4448	0	0
posts	stocks	2021-05	6281	3800	0	0
posts	stocks	2021-06	6882	4483	0	0
posts	stocks	2021-07	5078	2764	0	0
posts	stocks	2021-08	4599	2520	0	0
posts	stocks	2021-09	4202	2321	0	0
posts	stocks	2021-10	4432	2438	0	0
posts	stocks	2021-11	5496	3054	0	0
posts	stocks	2021-12	4515	2506	0	0
posts	stocks	2022-01	5422	3041	0	0
posts	stocks	2022-02	4214	2416	0	0
posts	stocks	2022-03	4223	2565	0	0
posts	stocks	2022-04	4005	2389	0	0
posts	stocks	2022-05	4166	2439	0	0
posts	stocks	2022-06	3007	1774	0	0
posts	stocks	2022-07	3007	1847	0	0
posts	stocks	2022-08	3476	2138	0	0
posts	stocks	2022-09	2863	1776	0	0
posts	stocks	2022-10	2959	1764	0	0
posts	stocks	2022-11	2404	1439	0	0
posts	stocks	2022-12	2703	1728	0	0
posts	stocks	2023-01	2687	1695	0	0
posts	stocks	2023-02	2256	1381	0	0
posts	stocks	2023-03	2666	1587	0	0
posts	stocks	2023-04	2107	1199	0	0
posts	stocks	2023-05	2329	1371	0	0
posts	stocks	2023-06	2032	1224	0	0
posts	stocks	2023-07	2490	1810	0	0
posts	stocks	2023-08	2437	1801	0	0
posts	stocks	2023-09	2133	1575	0	0
posts	stocks	2023-10	2158	1537	0	0
posts	stocks	2023-11	2132	1592	0	0
posts	stocks	2023-12	2670	1991	0	0
posts	stocks	2024-01	3214	2326	0	0
posts	stocks	2024-02	3448	2650	0	0
posts	stocks	2024-03	3478	2708	0	0
posts	stocks	2024-04	2669	2012	0	0
posts	stocks	2024-05	2955	2295	0	0
posts	stocks	2024-06	2971	2347	0	0
posts	stocks	2024-07	2998	2274	0	0
posts	stocks	2024-08	3230	2474	0	0
posts	stocks	2024-09	2223	1704	0	0
posts	stocks	2024-10	2790	2123	0	0
posts	stocks	2024-11	3157	2499	0	0
posts	stocks	2024-12	3468	2709	0	0
posts	wallstreetbets	2019-01	6230	2833	0	0
posts	wallstreetbets	2019-02	4408	2205	0	0
posts	wallstreetbets	2019-03	4660	2133	0	0
posts	wallstreetbets	2019-04	6002	2784	0	0
posts	wallstreetbets	2019-05	5619	2589	0	0
posts	wallstreetbets	2019-06	5089	2193	0	0
posts	wallstreetbets	2019-07	5576	2585	0	0
posts	wallstreetbets	2019-08	8881	4019	0	0
posts	wallstreetbets	2019-09	5364	2367	0	0
posts	wallstreetbets	2019-10	5052	2286	0	0
posts	wallstreetbets	2019-11	7604	3386	0	0
posts	wallstreetbets	2019-12	6110	2865	0	0
posts	wallstreetbets	2020-01	11184	4535	0	0
posts	wallstreetbets	2020-02	28310	10767	0	0
posts	wallstreetbets	2020-03	48934	18536	0	0
posts	wallstreetbets	2020-04	26847	12461	0	0
posts	wallstreetbets	2020-05	20822	7375	0	0
posts	wallstreetbets	2020-06	24202	8236	0	0
posts	wallstreetbets	2020-07	20338	7223	0	0
posts	wallstreetbets	2020-08	21993	7626	0	0
posts	wallstreetbets	2020-09	23531	8402	0	0
posts	wallstreetbets	2020-10	16833	6773	0	0
posts	wallstreetbets	2020-11	28225	10532	0	0
posts	wallstreetbets	2020-12	32621	13231	0	0
posts	wallstreetbets	2021-01	536185	250780	0	0
posts	wallstreetbets	2021-02	397948	194609	0	0
posts	wallstreetbets	2021-03	125039	59535	0	0
posts	wallstreetbets	2021-04	49729	26588	0	0
posts	wallstreetbets	2021-05	44764	23204	0	0
posts	wallstreetbets	2021-06	94982	43866	0	0
posts	wallstreetbets	2021-07	31558	13785	0	0
posts	wallstreetbets	2021-08	25759	11366	0	0
posts	wallstreetbets	2021-09	25619	10794	0	0
posts	wallstreetbets	2021-10	25781	11240	0	0
posts	wallstreetbets	2021-11	28367	12230	0	0
posts	wallstreetbets	2021-12	21123	9046	0	0
posts	wallstreetbets	2022-01	24116	11123	0	0
posts	wallstreetbets	2022-02	16064	7172	0	0
posts	wallstreetbets	2022-03	17573	8255	0	0
posts	wallstreetbets	2022-04	17597	8026	0	0
posts	wallstreetbets	2022-05	19170	8506	0	0
posts	wallstreetbets	2022-06	15319	6844	0	0
posts	wallstreetbets	2022-07	14810	6531	0	0
posts	wallstreetbets	2022-08	45391	16446	0	0
posts	wallstreetbets	2022-09	19608	8560	0	0
posts	wallstreetbets	2022-10	21814	9780	0	0
posts	wallstreetbets	2022-11	16951	7334	0	0
posts	wallstreetbets	2022-12	16019	7500	0	0
posts	wallstreetbets	2023-01	16482	7530	0	0
posts	wallstreetbets	2023-02	14271	6558	0	0
posts	wallstreetbets	2023-03	15368	7061	0	0
posts	wallstreetbets	2023-04	10442	4505	0	0
posts	wallstreetbets	2023-05	11477	5177	0	0
posts	wallstreetbets	2023-06	9699	4523	0	0
posts	wallstreetbets	2023-07	9616	5759	0	0
posts	wallstreetbets	2023-08	9917	6192	0	0
posts	wallstreetbets	2023-09	7913	4831	0	0
posts	wallstreetbets	2023-10	8100	4870	0	0
posts	wallstreetbets	2023-11	8244	5090	0	0
posts	wallstreetbets	2023-12	9351	5993	0	0
posts	wallstreetbets	2024-01	11154	7697	0	0
posts	wallstreetbets	2024-02	17784	11677	0	0
posts	wallstreetbets	2024-03	20160	13423	0	0
posts	wallstreetbets	2024-04	12986	8318	0	0
posts	wallstreetbets	2024-05	19304	12445	0	0
posts	wallstreetbets	2024-06	13685	9067	0	0
posts	wallstreetbets	2024-07	11547	7354	0	0
posts	wallstreetbets	2024-08	14421	9313	0	0
posts	wallstreetbets	2024-09	9195	5957	0	0
posts	wallstreetbets	2024-10	10689	7067	0	0
posts	wallstreetbets	2024-11	14729	9584	0	0
posts	wallstreetbets	2024-12	13632	9333	0	0
