B	window	eval_start	eval_end	stratum	lens	build_docs	eval_docs	n_eligible	obs_total	null_mean	null_sd	z_seg	formed	binom_p	uninformative
4	0	2020Q1	2020Q2	WSB	union	44304	78561	46	290	347.12	16.60558942043311	-3.4398056313324283	0	1.0	0
4	1	2020Q2	2020Q3	WSB	union	70724	85224	78	708	689.5	22.842285349763056	0.8099014488579577	4	0.007932771541211565	0
4	2	2020Q3	2020Q4	WSB	union	102194	95444	65	198	177.78	12.849575868486866	1.573592794575332	2	0.1380217604580805	0
4	3	2020Q4	2021Q1	WSB	union	132986	519973	125	1081	478.82	20.4094977890197	29.504890626165853	26	1.9204315598501688e-26	0
4	4	2021Q1	2021Q2	WSB	union	174005	587966	316	2388	1614.25	32.859511560581666	23.54721550177246	55	1.2338817235734844e-49	0
4	5	2021Q2	2021Q3	WSB	union	605197	166834	501	606	895.03	31.647260544950804	-9.132860001878221	8	0.13336745410995088	0
4	6	2021Q3	2021Q4	WSB	union	683410	86108	393	83	239.11	15.601855658863146	-10.005861059951327	1	0.9807411000577371	0
4	7	2021Q4	2022Q1	WSB	union	686807	84394	375	56	175.32	15.837853389901044	-7.533849257380044	1	0.9769220103584685	0
4	8	2022Q1	2022Q2	WSB	union	674074	81412	398	62	169.73	18.20046977415693	-5.9190779873697075	0	1.0	0
4	9	2022Q2	2022Q3	WSB	union	251228	92541	227	107	207.36	14.121274729995164	-7.10700711649099	3	0.3963505254829389	0
4	10	2022Q3	2022Q4	WSB	union	167520	88431	144	197	324.77	18.51262001986753	-6.901778347034547	0	1.0	0
4	11	2022Q4	2023Q1	WSB	union	176935	60109	116	38	138.46	13.020307216037569	-7.715639756661034	0	1.0	0
4	12	2023Q1	2023Q2	WSB	union	169843	49316	101	85	145.66	13.143987218496525	-4.61503796311045	1	0.6376279821395031	0
4	13	2023Q2	2023Q3	WSB	union	152650	45351	95	81	165.58	12.764936349234178	-6.62596331748057	0	1.0	0
4	14	2023Q3	2023Q4	WSB	union	137747	44685	104	60	121.2	11.533429672044651	-5.306314057503629	0	1.0	0
4	15	2023Q4	2024Q1	WSB	union	105460	66585	80	325	482.84	20.360117877851298	-7.752410911712148	0	1.0	0
4	16	2024Q1	2024Q2	WSB	union	94001	83613	74	333	550.18	22.615649448998806	-9.60308482362042	2	0.16935528013144516	0
4	17	2024Q2	2024Q3	WSB	union	111936	70889	90	246	332.74	17.687634098431595	-4.903991088762485	0	1.0	0
4	18	2024Q3	2024Q4	WSB	union	128298	68329	129	342	487.69	21.277074516953686	-6.847275920564805	1	0.726510848977779	0
4	0	2020Q1	2020Q2	DD	union	29070	38529	61	190	311.91	16.05745621199074	-7.592111626557947	0	1.0	0
4	1	2020Q2	2020Q3	DD	union	37072	44556	105	418	667.31	22.52496170917944	-11.068165318940382	0	1.0	0
4	2	2020Q3	2020Q4	DD	union	52869	45077	151	240	407.78	19.375541282761624	-8.659370984865	0	1.0	0
4	3	2020Q4	2021Q1	DD	union	67228	88452	146	556	765.77	31.135784878496317	-6.7372639173414886	0	1.0	0
4	4	2021Q1	2021Q2	DD	union	83606	94475	213	525	772.84	27.830458134928357	-8.905351065311812	1	0.8824300186575936	0
4	5	2021Q2	2021Q3	DD	union	133008	51510	340	241	537.88	22.921727683575686	-12.951903281388606	0	1.0	0
4	6	2021Q3	2021Q4	DD	union	139552	44050	270	135	353.85	20.24765418511488	-10.808659511820792	0	1.0	0
4	7	2021Q4	2022Q1	DD	union	139962	43769	278	173	390.32	20.811477602515396	-10.44231477219731	0	1.0	0
4	8	2022Q1	2022Q2	DD	union	138525	39528	286	151	333.7	20.701932276963905	-8.825263147213537	0	1.0	0
4	9	2022Q2	2022Q3	DD	union	95279	34232	248	182	374.95	19.630779403783233	-9.828952586712617	0	1.0	0
4	10	2022Q3	2022Q4	DD	union	83578	30787	180	128	254.37	15.947197245911271	-7.9242764763820945	0	1.0	0
4	11	2022Q4	2023Q1	DD	union	78001	27771	159	121	247.06	15.688097398983727	-8.035391213734188	1	0.7976999728712411	0
4	12	2023Q1	2023Q2	DD	union	70315	26024	150	126	246.29	14.133856515473758	-8.51076985734972	0	1.0	0
4	13	2023Q2	2023Q3	DD	union	62003	25917	139	114	265.24	16.60489084577192	-9.10815984306877	0	1.0	0
4	14	2023Q3	2023Q4	DD	union	56811	26473	123	87	237.72	14.082670201350311	-10.702515776130884	0	1.0	0
4	15	2023Q4	2024Q1	DD	union	53688	30704	143	131	315.9	18.330030005430977	-10.087272085491199	0	1.0	0
4	16	2024Q1	2024Q2	DD	union	52497	34919	119	171	390.47	18.387199351722927	-11.936021130887186	0	1.0	0
4	17	2024Q2	2024Q3	DD	union	56621	34436	127	222	476.96	20.70744793546515	-12.312478138039216	0	1.0	0
4	18	2024Q3	2024Q4	DD	union	61392	36618	158	277	622.24	23.189273382320543	-14.887917974316967	0	1.0	0
6	0	2020Q3	2020Q4	WSB	union	122865	95444	96	182	172.11	12.125093814070059	0.815663792103905	3	0.07216717951585767	0
6	1	2020Q4	2021Q1	WSB	union	155948	519973	145	1181	538.38	24.855092033625624	25.854661858850527	23	9.749367258385577e-21	0
6	2	2021Q1	2021Q2	WSB	union	197638	587966	348	2295	1026.15	34.343376362844694	36.94598884496224	53	9.917736913585727e-45	0
6	3	2021Q2	2021Q3	WSB	union	652959	166834	678	687	1016.49	37.440751862108755	-8.800304043398619	11	0.08260258525474265	0
6	4	2021Q3	2021Q4	WSB	union	761971	86108	702	183	414.58	22.122920241233977	-10.467876639918803	1	0.9991372070109741	0
6	5	2021Q4	2022Q1	WSB	union	772031	84394	659	128	294.36	17.348498494106057	-9.589302501108024	2	0.9898228248034711	0
6	6	2022Q1	2022Q2	WSB	union	769518	81412	547	76	190.48	14.662523657269919	-7.807660036970439	0	1.0	0
6	7	2022Q2	2022Q3	WSB	union	771201	92541	479	45	132.12	11.568301517508957	-7.530924039984727	0	1.0	0
6	8	2022Q3	2022Q4	WSB	union	755486	88431	505	66	146.41	16.07301776269783	-5.002794197528673	0	1.0	0
6	9	2022Q4	2023Q1	WSB	union	343769	60109	376	60	177.44	12.642246635784321	-9.289488125281622	0	1.0	0
6	10	2023Q1	2023Q2	WSB	union	255951	49316	275	61	160.37	13.886435827814134	-7.155903878586666	0	1.0	0
6	11	2023Q2	2023Q3	WSB	union	237044	45351	175	69	167.54	13.460624056855611	-7.320611554396152	0	1.0	0
6	12	2023Q3	2023Q4	WSB	union	219159	44685	138	46	113.25	10.916386764859515	-6.160463296929133	0	1.0	0
6	13	2023Q4	2024Q1	WSB	union	198001	66585	138	58	142.14	10.916977603714317	-7.707261391776857	0	1.0	0
6	14	2024Q1	2024Q2	WSB	union	182432	83613	171	267	416.5	20.276340892774513	-7.373125199984895	0	1.0	0
6	15	2024Q2	2024Q3	WSB	union	172045	70889	152	234	360.34	16.2500584614333	-7.77474126015276	0	1.0	0
6	16	2024Q3	2024Q4	WSB	union	177614	68329	197	297	418.84	18.445986013222498	-6.605231073723157	2	0.587152316425339	0
6	0	2020Q3	2020Q4	DD	union	67599	45077	198	318	524.58	21.624606354798694	-9.553006265668188	2	0.5898999851302369	0
6	1	2020Q4	2021Q1	DD	union	81628	88452	189	610	824.65	26.989766579205533	-7.9530143163734754	2	0.5646795473349898	0
6	2	2021Q1	2021Q2	DD	union	97946	94475	242	484	727.62	28.34176423584107	-8.595795165493527	2	0.6974227461229441	0
6	3	2021Q2	2021Q3	DD	union	155680	51510	431	318	679.82	23.82451678418683	-15.186876748751216	2	0.9296264359117516	0
6	4	2021Q3	2021Q4	DD	union	178081	44050	459	185	459.97	17.454200067605505	-15.753801316299592	1	0.990079025798778	0
6	5	2021Q4	2022Q1	DD	union	184518	43769	484	273	548.7	21.699078321440293	-12.705608778211934	1	0.992283254360606	0
6	6	2022Q1	2022Q2	DD	union	183602	39528	417	166	390.1	20.39926469263047	-10.985690091121734	0	1.0	0
6	7	2022Q2	2022Q3	DD	union	183731	34232	413	122	299.93	17.386923247084287	-10.23355296802372	0	1.0	0
6	8	2022Q3	2022Q4	DD	union	178053	30787	400	95	215.95	15.636735592827552	-7.734990419322483	0	1.0	0
6	9	2022Q4	2023Q1	DD	union	129511	27771	309	99	223.59	14.306009226894831	-8.708927697724034	2	0.8153709227578431	0
6	10	2023Q1	2023Q2	DD	union	114365	26024	248	93	230.74	15.871118423097977	-8.678657441024482	0	1.0	0
6	11	2023Q2	2023Q3	DD	union	105772	25917	254	132	294.81	18.34267973879498	-8.876020424412413	0	1.0	0
6	12	2023Q3	2023Q4	DD	union	96339	26473	206	95	271.92	15.545211481353352	-11.380996663327318	1	0.8738607956981	0
6	13	2023Q4	2024Q1	DD	union	87920	30704	195	125	293.57	14.070717821063715	-11.980199030617507	0	1.0	0
6	14	2024Q1	2024Q2	DD	union	83284	34919	212	196	419.41	21.798667390462196	-10.248791634746947	0	1.0	0
6	15	2024Q2	2024Q3	DD	union	84392	34436	232	259	506.61	20.278015188868952	-12.210761146678625	0	1.0	0
6	16	2024Q3	2024Q4	DD	union	87416	36618	206	272	617.32	23.422587389099437	-14.743033904132531	0	1.0	0
8	0	2021Q1	2021Q2	WSB	union	218309	587966	363	2405	1546.67	35.76871677877192	23.996667403774552	54	5.5627102580699036e-45	0
8	1	2021Q2	2021Q3	WSB	union	675921	166834	755	758	1069.9	35.43882052213363	-8.801082976370507	9	0.3445968267796484	0
8	2	2021Q3	2021Q4	WSB	union	785604	86108	777	191	453.01	20.838663584788733	-12.5732631046098	1	0.9995939811444424	0
8	3	2021Q4	2022Q1	WSB	union	819793	84394	821	159	359.84	22.240827322741392	-9.030239616789784	2	0.9975753592643095	0
8	4	2022Q1	2022Q2	WSB	union	848079	81412	844	117	273.57	18.754868701219955	-8.348232264074209	0	1.0	0
8	5	2022Q2	2022Q3	WSB	union	856425	92541	752	64	145.22	11.277038618360763	-7.202245443033358	0	1.0	0
8	6	2022Q3	2022Q4	WSB	union	850930	88431	664	69	149.25	14.30620494750442	-5.609454100124494	0	1.0	0
8	7	2022Q4	2023Q1	WSB	union	863742	60109	637	51	150.98	13.243096314684115	-7.549593963848234	1	0.9983418685427323	0
8	8	2023Q1	2023Q2	WSB	union	843917	49316	628	40	135.84	13.413217361990373	-7.14519100179395	0	1.0	0
8	9	2023Q2	2023Q3	WSB	union	403878	45351	464	66	159.58	14.75952573763805	-6.340312125433884	0	1.0	0
8	10	2023Q3	2023Q4	WSB	union	305267	44685	313	60	142.01	13.258578355163122	-6.185429372830448	0	1.0	0
8	11	2023Q4	2024Q1	WSB	union	282395	66585	239	89	208.55	15.925058869592917	-7.507036613112125	0	1.0	0
8	12	2024Q1	2024Q2	WSB	union	263844	83613	214	206	359.25	17.083544714139393	-8.970620709246651	3	0.3613456104410995	0
8	13	2024Q2	2024Q3	WSB	union	264586	70889	338	297	422.17	19.62093524784178	-6.379410482676568	4	0.4376832867843616	0
8	14	2024Q3	2024Q4	WSB	union	266045	68329	412	367	497.58	25.303430597450618	-5.160565066349392	1	0.9840889011381737	0
8	0	2021Q1	2021Q2	DD	union	112676	94475	329	551	843.64	26.497743300137845	-11.043959354775605	4	0.4177729836357745	0
8	1	2021Q2	2021Q3	DD	union	170080	51510	502	352	750.56	27.26181211878623	-14.619717803914822	0	1.0	0
8	2	2021Q3	2021Q4	DD	union	192421	44050	521	202	516.87	22.280778711705747	-14.131911818439965	0	1.0	0
8	3	2021Q4	2022Q1	DD	union	207190	43769	547	290	590.4	24.78305872970485	-12.121183396944543	1	0.9959031369663778	0
8	4	2022Q1	2022Q2	DD	union	222131	39528	594	238	506.99	19.7207986653685	-13.63991411120538	0	1.0	0
8	5	2022Q2	2022Q3	DD	union	228287	34232	568	139	316.59	16.0225434934657	-11.083758335399406	1	0.9966826558293118	0
8	6	2022Q3	2022Q4	DD	union	223130	30787	513	115	226.66	14.988141979578389	-7.449889396039799	0	1.0	0
8	7	2022Q4	2023Q1	DD	union	217963	27771	503	91	198.71	12.24115599116358	-8.799005590464798	1	0.9936246668747152	0
8	8	2023Q1	2023Q2	DD	union	208840	26024	520	99	222.05	17.075347727059615	-7.206295412947897	0	1.0	0
8	9	2023Q2	2023Q3	DD	union	157282	25917	395	113	282.98	16.94106254046658	-10.033609143108597	0	1.0	0
8	10	2023Q3	2023Q4	DD	union	140389	26473	315	115	281.28	13.796434321954349	-12.052389488449027	0	1.0	0
8	11	2023Q4	2024Q1	DD	union	131689	30704	308	143	338.88	18.856977488452383	-10.387666852757967	0	1.0	0
8	12	2024Q1	2024Q2	DD	union	122812	34919	281	167	399.14	20.622812611280743	-11.256466534201968	0	1.0	0
8	13	2024Q2	2024Q3	DD	union	118624	34436	281	241	521.96	23.283436172524016	-12.066947417819337	0	1.0	0
8	14	2024Q3	2024Q4	DD	union	118203	36618	310	248	561.26	23.71818711453302	-13.207586165304088	1	0.9556482944595297	0
4	0	2020Q1	2020Q2	WSB	cashtag	11940	17363	7	49	67.56	7.97410810059658	-2.3275330313883558	0	1.0	1
4	1	2020Q2	2020Q3	WSB	cashtag	19499	14072	22	40	59.75	6.453487429289686	-3.06036080745474	0	1.0	0
4	2	2020Q3	2020Q4	WSB	cashtag	23863	14535	28	14	18.61	4.1494457461208	-1.1109917521658788	0	1.0	0
4	3	2020Q4	2021Q1	WSB	cashtag	27204	77318	47	761	728.99	22.692066895723713	1.4106251381636914	7	4.429422065599426e-07	0
4	4	2021Q1	2021Q2	WSB	cashtag	31898	89888	107	319	270.22	12.746434795659528	3.8269524601977922	14	5.093783005875686e-12	0
4	5	2021Q2	2021Q3	WSB	cashtag	91390	30188	316	220	398.24	19.03371745088174	-9.364434481071013	0	1.0	0
4	6	2021Q3	2021Q4	WSB	cashtag	104423	17472	254	95	208.85	14.009550313982245	-8.126599173306218	0	1.0	0
4	7	2021Q4	2022Q1	WSB	cashtag	107506	14463	275	64	141.46	12.865006801397348	-6.0209839913638135	0	1.0	0
4	8	2022Q1	2022Q2	WSB	cashtag	107360	11734	287	33	92.35	10.698013834352617	-5.547758763352872	0	1.0	0
4	9	2022Q2	2022Q3	WSB	cashtag	44651	12764	200	41	89.93	9.335153989088772	-5.241477543615345	0	1.0	0
4	10	2022Q3	2022Q4	WSB	cashtag	29206	11752	101	39	71.28	9.422398845304736	-3.425879176838859	0	1.0	0
4	11	2022Q4	2023Q1	WSB	cashtag	27227	7548	90	29	82.01	8.938115013804644	-5.930780697957868	1	0.5952680273216943	0
4	12	2023Q1	2023Q2	WSB	cashtag	23486	6604	66	13	44.58	6.648578795502089	-4.7498873024359085	0	1.0	0
4	13	2023Q2	2023Q3	WSB	cashtag	20312	6502	53	7	24.56	4.501821853427788	-3.9006430222531847	0	1.0	0
4	14	2023Q3	2023Q4	WSB	cashtag	18356	6383	56	9	26.32	5.390510179936589	-3.21305394514694	0	1.0	0
4	15	2023Q4	2024Q1	WSB	cashtag	14050	9635	31	18	33.84	5.738850059027506	-2.7601348418369755	0	1.0	0
4	16	2024Q1	2024Q2	WSB	cashtag	12987	12174	26	14	34.38	5.482298787917346	-3.717418693945738	1	0.2299568541948466	0
4	17	2024Q2	2024Q3	WSB	cashtag	16137	9708	44	63	101.62	9.471831924184464	-4.077352755953303	0	1.0	0
4	18	2024Q3	2024Q4	WSB	cashtag	18557	9347	53	36	84.37	9.61213295788193	-5.032181744878664	0	1.0	0
4	0	2020Q1	2020Q2	DD	cashtag	2816	3678	7	16	33.13	5.559955035789408	-3.08096016779529	0	1.0	1
4	1	2020Q2	2020Q3	DD	cashtag	3716	3911	7	15	31.1	4.924428900898053	-3.269414651730253	0	1.0	1
4	2	2020Q3	2020Q4	DD	cashtag	5079	3974	10	21	39.63	5.523866399542987	-3.372637687533743	0	1.0	1
4	3	2020Q4	2021Q1	DD	cashtag	6219	9578	12	11	11.94	3.2212419964976244	-0.2918129097478668	0	1.0	1
4	4	2021Q1	2021Q2	DD	cashtag	7652	10908	22	53	62.01	7.319146125061311	-1.23101791466481	0	1.0	0
4	5	2021Q2	2021Q3	DD	cashtag	13489	6222	84	56	110.45	9.872562990429588	-5.515285144575279	0	1.0	0
4	6	2021Q3	2021Q4	DD	cashtag	14882	5322	72	27	65.34	8.275530194495094	-4.632935787667584	0	1.0	0
4	7	2021Q4	2022Q1	DD	cashtag	15800	4718	67	19	44.8	6.159545437773797	-4.188620777400209	1	0.49001425375041313	0
4	8	2022Q1	2022Q2	DD	cashtag	16230	3826	74	11	46.23	7.00550497822962	-5.028902286056624	0	1.0	0
4	9	2022Q2	2022Q3	DD	cashtag	10940	3173	23	10	27.77	4.906842161716637	-3.621473732870846	0	1.0	0
4	10	2022Q3	2022Q4	DD	cashtag	9148	2795	16	7	18.18	4.0801470561733435	-2.740097316611282	0	1.0	1
4	11	2022Q4	2023Q1	DD	cashtag	7891	2422	9	5	14.53	3.5705881868398097	-2.6690280428095616	0	1.0	1
4	12	2023Q1	2023Q2	DD	cashtag	6621	2114	40	8	10.66	2.717425251961864	-0.9788677712770921	0	1.0	0
4	13	2023Q2	2023Q3	DD	cashtag	5595	2063	33	8	10.54	2.7943514453268046	-0.908976572810061	0	1.0	0
4	14	2023Q3	2023Q4	DD	cashtag	4909	2135	25	6	7.44	2.471113109511582	-0.5827333416901413	0	1.0	0
4	15	2023Q4	2024Q1	DD	cashtag	4485	2451	23	1	3.08	1.507846145997661	-1.3794510836009568	0	1.0	0
4	16	2024Q1	2024Q2	DD	cashtag	4249	2733	2	1	2.35	1.243985530462473	-1.0852216259284901	0	1.0	1
4	17	2024Q2	2024Q3	DD	cashtag	4514	2637	4	1	6.63	2.3607414089645653	-2.3848440064722505	0	1.0	1
4	18	2024Q3	2024Q4	DD	cashtag	4868	2977	6	7	23.25	4.5108203245086145	-3.6024489629323	0	1.0	1
6	0	2020Q3	2020Q4	WSB	cashtag	29303	14535	30	22	19.17	3.8962931101240317	0.7263313924321033	1	0.2602996266117239	0
6	1	2020Q4	2021Q1	WSB	cashtag	33571	77318	41	662	571.54	19.856696603413166	4.555641948240821	3	0.008029755979503984	0
6	2	2021Q1	2021Q2	WSB	cashtag	38398	89888	108	258	172.92	11.775975543452866	7.224879135156005	15	3.652471328937088e-13	0
6	3	2021Q2	2021Q3	WSB	cashtag	104522	30188	466	320	530.06	21.596212630922118	-9.726705491833767	2	0.9472267384574464	0
6	4	2021Q3	2021Q4	WSB	cashtag	121786	17472	492	137	317.4	15.954309762568858	-11.307289546505155	0	1.0	0
6	5	2021Q4	2022Q1	WSB	cashtag	121578	14463	430	75	218.72	15.706100725514274	-9.150584381935708	0	1.0	0
6	6	2022Q1	2022Q2	WSB	cashtag	121895	11734	379	47	126.22	11.852915253219352	-6.683587818489057	0	1.0	0
6	7	2022Q2	2022Q3	WSB	cashtag	121969	12764	374	31	67.5	8.845903006477066	-4.126203958292817	1	0.9766888993521219	0
6	8	2022Q3	2022Q4	WSB	cashtag	119094	11752	382	48	73.58	9.329715965665837	-2.741776930202014	1	0.978489805556088	0
6	9	2022Q4	2023Q1	WSB	cashtag	57415	7548	289	37	91.37	11.073983023284802	-4.909705919331687	1	0.9452264059556434	0
6	10	2023Q1	2023Q2	WSB	cashtag	40958	6604	178	37	103.9	10.016486409914407	-6.678988745373007	0	1.0	0
6	11	2023Q2	2023Q3	WSB	cashtag	34775	6502	131	13	47.35	7.443621430459774	-4.614689277377488	0	1.0	0
6	12	2023Q3	2023Q4	WSB	cashtag	30090	6383	105	17	44.7	7.612489737267302	-3.638756958107063	0	1.0	0
6	13	2023Q4	2024Q1	WSB	cashtag	26814	9635	83	13	36.01	6.345856916130398	-3.625987838066656	0	1.0	0
6	14	2024Q1	2024Q2	WSB	cashtag	24739	12174	86	21	50.64	6.716427621883526	-4.413060285713	0	1.0	0
6	15	2024Q2	2024Q3	WSB	cashtag	23685	9708	75	74	126.06	10.472650094412588	-4.971043578336993	0	1.0	0
6	16	2024Q3	2024Q4	WSB	cashtag	25161	9347	77	37	85.78	10.380346815015383	-4.699264954176554	0	1.0	0
6	0	2020Q3	2020Q4	DD	cashtag	6494	3974	16	27	49.17	6.645381855093055	-3.336151403099402	0	1.0	1
6	1	2020Q4	2021Q1	DD	cashtag	7627	9578	20	15	21.74	4.457847013974346	-1.5119406248961924	0	1.0	0
6	2	2021Q1	2021Q2	DD	cashtag	9053	10908	29	25	29.15	4.833994207692021	-0.8585033042440087	0	1.0	0
6	3	2021Q2	2021Q3	DD	cashtag	15797	6222	109	68	132.06	10.586614189626445	-6.051037551058654	0	1.0	0
6	4	2021Q3	2021Q4	DD	cashtag	18560	5322	106	34	85.43	9.388562190239782	-5.477942091438231	0	1.0	0
6	5	2021Q4	2022Q1	DD	cashtag	19711	4718	102	29	71.92	8.437629998998535	-5.086736441997835	1	0.6412517023181101	0
6	6	2022Q1	2022Q2	DD	cashtag	20204	3826	105	16	62.56	7.980375930994729	-5.834311616720598	0	1.0	0
6	7	2022Q2	2022Q3	DD	cashtag	20518	3173	101	15	45.2	7.417546764261079	-4.071426977111679	1	0.6376279821395031	0
6	8	2022Q3	2022Q4	DD	cashtag	20056	2795	101	12	32.93	5.27305414347321	-3.9692366948111792	0	1.0	0
6	9	2022Q4	2023Q1	DD	cashtag	14113	2422	34	3	17.3	3.961060464067672	-3.610144336275826	0	1.0	0
6	10	2023Q1	2023Q2	DD	cashtag	11943	2114	45	9	22.34	4.690884777949678	-2.8438131890825793	0	1.0	0
6	11	2023Q2	2023Q3	DD	cashtag	10313	2063	37	6	10.08	3.0254916955761093	-1.3485411333191886	0	1.0	0
6	12	2023Q3	2023Q4	DD	cashtag	8735	2135	39	3	9.25	2.790609252475165	-2.239654295726457	0	1.0	0
6	13	2023Q4	2024Q1	DD	cashtag	7658	2451	39	3	14.31	3.767479263380225	-3.002007233306585	0	1.0	0
6	14	2024Q1	2024Q2	DD	cashtag	7044	2733	36	6	13.87	3.77267809387443	-2.086051288812118	0	1.0	0
6	15	2024Q2	2024Q3	DD	cashtag	6936	2637	31	8	22.82	5.573831716153619	-2.6588531471177896	0	1.0	0
6	16	2024Q3	2024Q4	DD	cashtag	6982	2977	10	7	31.87	5.976043841873986	-4.161616055380408	0	1.0	1
8	0	2021Q1	2021Q2	WSB	cashtag	43838	89888	113	226	138.86	10.471886172032239	8.321328036655794	13	1.5139079808106359e-10	0
8	1	2021Q2	2021Q3	WSB	cashtag	110889	30188	529	345	576.36	24.15637390007035	-9.577596412321066	2	0.9688582946522738	0
8	2	2021Q3	2021Q4	WSB	cashtag	128286	17472	551	160	335.79	16.587522418975055	-10.597724938047866	1	0.9960645697162881	0
8	3	2021Q4	2022Q1	WSB	cashtag	134710	14463	578	79	243.64	16.99677616490845	-9.686542812743266	0	1.0	0
8	4	2022Q1	2022Q2	WSB	cashtag	139258	11734	591	76	171.6	13.90898989862312	-6.873252529248269	1	0.9973673082826493	0
8	5	2022Q2	2022Q3	WSB	cashtag	136041	12764	501	51	89.85	10.148275715608046	-3.8282365486235954	2	0.9605771017453261	0
8	6	2022Q3	2022Q4	WSB	cashtag	133629	11752	439	41	71.87	8.612380623265555	-3.584374791402918	1	0.9878702897052283	0
8	7	2022Q4	2023Q1	WSB	cashtag	134733	7548	448	31	63.85	7.5860068547293045	-4.330341460147838	0	1.0	0
8	8	2023Q1	2023Q2	WSB	cashtag	130846	6604	445	15	45.69	7.413089774176488	-4.1399741450466	0	1.0	0
8	9	2023Q2	2023Q3	WSB	cashtag	64963	6502	311	13	42.83	6.6000833328072455	-4.519639903896828	0	1.0	0
8	10	2023Q3	2023Q4	WSB	cashtag	47562	6383	203	17	41.22	7.330184172311089	-3.3041461756838535	0	1.0	0
8	11	2023Q4	2024Q1	WSB	cashtag	41277	9635	149	29	70.63	9.660905754638122	-4.309119771716412	0	1.0	0
8	12	2024Q1	2024Q2	WSB	cashtag	36473	12174	140	39	113.19	9.833305649678547	-7.54476700339578	0	1.0	0
8	13	2024Q2	2024Q3	WSB	cashtag	36449	9708	149	55	106.67	9.754029936390394	-5.297297664345816	0	1.0	0
8	14	2024Q3	2024Q4	WSB	cashtag	36913	9347	180	50	108.31	10.957823689036067	-5.321312119517173	0	1.0	0
8	0	2021Q1	2021Q2	DD	cashtag	10468	10908	33	22	28.07	5.593308502130023	-1.0852253183761356	0	1.0	0
8	1	2021Q2	2021Q3	DD	cashtag	17205	6222	113	68	132.69	10.85513242664501	-5.959392981813092	0	1.0	0
8	2	2021Q3	2021Q4	DD	cashtag	19961	5322	118	38	90.92	9.948547632694936	-5.319369414896658	0	1.0	0
8	3	2021Q4	2022Q1	DD	cashtag	22019	4718	116	39	77.34	8.579300670800622	-4.468895714366204	2	0.3231602776609327	0
8	4	2022Q1	2022Q2	DD	cashtag	23882	3826	113	33	73.62	8.921636621158699	-4.552976289536939	0	1.0	0
8	5	2022Q2	2022Q3	DD	cashtag	24429	3173	123	22	53.96	7.329283730351827	-4.360589816935062	0	1.0	0
8	6	2022Q3	2022Q4	DD	cashtag	24030	2795	114	12	34.02	6.494582357627008	-3.3905182485122376	0	1.0	0
8	7	2022Q4	2023Q1	DD	cashtag	23691	2422	110	6	21.32	4.32407215480963	-3.542956604681004	0	1.0	0
8	8	2023Q1	2023Q2	DD	cashtag	22851	2114	136	9	25.41	4.510199552126269	-3.6384199435840348	0	1.0	0
8	9	2023Q2	2023Q3	DD	cashtag	16535	2063	61	5	16.98	3.3999411759617253	-3.523590374063244	0	1.0	0
8	10	2023Q3	2023Q4	DD	cashtag	14057	2135	52	7	13.75	3.6670833096617805	-1.8406999323455677	0	1.0	0
8	11	2023Q4	2024Q1	DD	cashtag	12376	2451	42	8	10.54	3.5395479937415737	-0.7176057520596081	0	1.0	0
8	12	2024Q1	2024Q2	DD	cashtag	10870	2733	44	5	15.52	3.8327013971871065	-2.7448003143998725	0	1.0	0
8	13	2024Q2	2024Q3	DD	cashtag	10109	2637	45	9	27.05	4.988737315193094	-3.6181500166443135	0	1.0	0
8	14	2024Q3	2024Q4	DD	cashtag	9777	2977	42	9	36.86	6.551366269718096	-4.252548072113638	0	1.0	0
