kind	term	count	first_section	first_sentence
2gram	science cast	10	Abstract	On the Science4Cast benchmark of AI papers, where the effect is known, the same method finds it.
2gram	hacker news	8	Abstract	Here we test it on 200 thousand Hacker News discussions from 2015 to 2017, with a pre-registered replication on 41.5 million Reddit finance posts, 2017 to 2024, using stock tickers.
2gram	suppressed pairs	8	Abstract	Pairs never discussed together, called suppressed pairs, connect no more than popularity and overlapping topics predict.
2gram	literature-based discovery	7	Abstract	Predicting which pair connects next is the aim of literature-based discovery.
2gram	regime change	6	Abstract	Both results replicate across the 2020-2021 market regime change.
2gram	thread space	6	Measurement summary	In thread space, a document is one Hacker News discussion: a story title plus its top twenty comments.
2gram	beyond chance	5	Introduction	How to calibrate "beyond chance" was worked out in ecology decades ago, and text-corpus work has not adopted the answer.
2gram	concept pairs	5	Introduction	In the Science4Cast benchmark, built from 143,000 artificial-intelligence papers, concept pairs can be ranked by their probability of future connection well above chance (Krenn et al. 2023).
2gram	eligible pairs	5	Measurement summary	The segregation statistic z pools all eligible pairs: it counts the evaluation documents in which any eligible pair co-occurs and standardizes that total against a permutation null distribution.
2gram	evaluation year	5	Measurement summary	Two outcomes are measured in the following evaluation year.
2gram	pass threshold	5	Registered predictions and pre-committed readings	Each evaluation in this paper was registered with its pass threshold and with the reading each outcome would receive, before the evaluation ran.
2gram	per-pair permutation	5	Abstract	A per-pair permutation test leaves new connections no higher than false positives produce.
2gram	author space	4	Measurement summary	In author space, a document is the set of concepts one author used within one calendar quarter.
2gram	commit appendix	4	Results	All numbers in this section are from the post-review regeneration on deterministic artifacts; the commit references for every quantity are collected in the commit appendix.
2gram	concept labels	4	Measurement summary	The shuffle moves concept labels across document slots, preserving every document's size and every concept's total frequency, with 100 replicates and a fixed seed.
2gram	corrected criterion	4	Introduction	Our corrected criterion belongs to that family: a label permutation over the document-concept matrix that holds every document's size and every concept's frequency fixed.
2gram	document sizes	4	Abstract	The standard test against chance flags connections too easily when document sizes vary.
2gram	document's size	4	Introduction	Our corrected criterion belongs to that family: a label permutation over the document-concept matrix that holds every document's size and every concept's frequency fixed.
2gram	interpretation thresholds	4	Calibrated formation: nothing, anywhere	We then registered and ran the corrected criterion (per-pair permutation test, Methods) in both document spaces and both folds, with the interpretation thresholds again fixed in advance.
2gram	null result	4	Introduction	First, a null result backed by a positive control.
2gram	observed joint	4	Introduction	The standard way to score a new co-occurrence as "real" is a chance-calibrated test: observed joint document count against an expected count derived from the two concepts' marginal frequencies, that is, from how often ea
2gram	permutation test	4	Abstract	A per-pair permutation test leaves new connections no higher than false positives produce.
2gram	positive control	4	Introduction	Our positive control reuses Science4Cast directly.
2gram	real data	4	Abstract	It reported 19 to 24 percent of pairs connecting within authors' quarterly output, yet shuffled data connected more pairs than real data.
2gram	replication corpus	4	Discussion	The companion paper's registered study on the replication corpus (Quiring 2026) finds a confined above-floor formation burst inside the windows around the January 2021 GameStop squeeze (windows our folds exclude by desig
2gram	shuffled data	4	Abstract	It reported 19 to 24 percent of pairs connecting within authors' quarterly output, yet shuffled data connected more pairs than real data.
2gram	standard deviations	4	Abstract	Suppressed pairs appear together far below chance: nearly 9 standard deviations at author level, over 100 at thread level.
2gram	benchmark's own	3	The instrument finds the signal where it exists	Formation on the benchmark is the benchmark's own ground truth: the appearance of any edge in the target-year graph.
2gram	build window	3	Measurement summary	Within a build window, a concept is frequent if it appears in at least 20 distinct documents.
2gram	calendar quarter	3	Measurement summary	In author space, a document is the set of concepts one author used within one calendar quarter.
2gram	document slots	3	Measurement summary	The shuffle moves concept labels across document slots, preserving every document's size and every concept's total frequency, with 100 replicates and a fixed seed.
2gram	eligible suppressed	3	No formation signal at any granularity in thread space	At concept-level granularity the graph is dense and eligible suppressed pairs are plentiful (25,161 in fold 1; 7,505 in fold 2), but under the z-criterion only 0.60 and 0.68 percent of them form.
2gram	evaluation ran	3	Measurement summary	Every unit definition, threshold, fold boundary, and interpretation rule was registered and committed before the corresponding evaluation ran; full specifications are in Methods.
2gram	evaluation window	3	Discussion	Third, raised by our own internal adversarial review and untested: the label-shuffle placebo preserves marginal frequencies but destroys temporal structure within the evaluation window, so a null model that additionally 
2gram	expected joint	3	Measurement summary	Among frequent concepts, a pair is eligible (we also call it suppressed) if two conditions hold: its expected joint document count under independence is at least 2, and its observed co-occurrence in the build window is z
2gram	frequent concepts	3	Measurement summary	Among frequent concepts, a pair is eligible (we also call it suppressed) if two conditions hold: its expected joint document count under independence is at least 2, and its observed co-occurrence in the build window is z
2gram	ground truth	3	The instrument finds the signal where it exists	Formation on the benchmark is the benchmark's own ground truth: the appearance of any edge in the target-year graph.
2gram	joint count	3	The instrument finds the signal where it exists	Within the benchmark's suppressed subset (expected joint count at least 2, no prior co-occurrence), 67 percent of pairs connect (188 of 281 in a 10-million-pair sample).
2gram	language model	3	Measurement summary	Concepts are short lowercase strings extracted from each discussion by a language model (Methods).
2gram	marginal frequencies	3	Introduction	The standard way to score a new co-occurrence as "real" is a chance-calibrated test: observed joint document count against an expected count derived from the two concepts' marginal frequencies, that is, from how often ea
2gram	null models	3	Introduction	Ecologists faced the same question, whether species co-occur more or less than chance, and tested it against null models that hold row and column totals of a site-by-species matrix to varying degrees.
2gram	pairs co-occur	3	Measurement summary	A z near zero means suppressed pairs co-occur about as often as chance predicts; a strongly negative z means they are kept apart.
2gram	partially constrained	3	Introduction	Those studies measured the false-positive (Type I) inflation of partially constrained null models and converged on fully constrained ("fixed-fixed") randomizations as the safer default (Connor and Simberloff 1979; Gotell
2gram	pre-registered evaluations	3	Abstract	Four pre-registered evaluations use threads, then authors, as documents.
2gram	pre-registered replication	3	Abstract	Here we test it on 200 thousand Hacker News discussions from 2015 to 2017, with a pre-registered replication on 41.5 million Reddit finance posts, 2017 to 2024, using stock tickers.
2gram	scientific corpora	3	Introduction	On scientific corpora the approach appears effective.
2gram	story title	3	Measurement summary	In thread space, a document is one Hacker News discussion: a story title plus its top twenty comments.
2gram	analyses use	2	The instrument finds the signal where it exists	Our discourse analyses use the chance-calibrated criterion (Methods).
2gram	analysis-oriented subreddits	2	A second platform	The six subreddits are read as two strata, r/wallstreetbets alone and the five analysis-oriented subreddits pooled, and as one pooled set of all six.
2gram	attribution path	2	Discussion	The science control shows the pipeline finds real signal through comparable unit noise, and a registered robustness check shows the results are insensitive to the attribution path, but unit noise still bounds how sharp a
2gram	author level	2	Abstract	Suppressed pairs appear together far below chance: nearly 9 standard deviations at author level, over 100 at thread level.
2gram	build documents	2	A second platform	A reproduction check accompanied the amended acquisition: the analysis-stratum cells were recomputed on successive corpus rebuilds and match (observed and eligible counts identical; z within the Monte Carlo noise of the 
2gram	co-occurrence graph	2	Introduction	Later work recast the search as link prediction on the co-occurrence graph itself.
2gram	companion paper's	2	Discussion	The companion paper's registered study on the replication corpus (Quiring 2026) finds a confined above-floor formation burst inside the windows around the January 2021 GameStop squeeze (windows our folds exclude by desig
2gram	concept graph	2	Introduction	The Science4Cast benchmark turned it into a machine-learning competition on a 64,000-node concept graph, with link-prediction scores (area under the receiver operating characteristic curve, AUC) above 0.9 for the best me
2gram	concept unit	2	A second platform	There the concept unit is the stock ticker, extracted by pattern matching and validated against the SEC registrant table rather than produced by a language model.
2gram	concept units	2	Discussion	It says: on a large general-technology forum, over three years, with language-model-extracted concept units at two granularities, and on eight years of Reddit financial discussion with ticker units, expected-but-absent c
2gram	decades ago	2	Introduction	How to calibrate "beyond chance" was worked out in ecology decades ago, and text-corpus work has not adopted the answer.
2gram	definitional difference	2	The instrument finds the signal where it exists	One definitional difference matters and is easy to miss.
2gram	different hardware	2	Positive control on the Science4Cast benchmark	Its registration was written before any ranker was scored against the benchmark's solution vector, and the control was later re-executed from a separately pre-committed registration on different hardware (Registration pr
2gram	discoveries waiting	2	Abstract	Ideas that never meet online mark communities that stay apart, not future discoveries waiting to happen.
2gram	discovery framing	2	The gaps are held open	Descriptively, the segregation is strongest where the discovery framing would have looked for opportunity: in thread space, where a single conversation would have to span both communities, mixing runs four times below ch
2gram	discovery thesis	2	No formation signal at any granularity in thread space	Four registered evaluations tested the discovery thesis in thread space.
2gram	distinct documents	2	Measurement summary	Within a build window, a concept is frequent if it appears in at least 20 distinct documents.
2gram	document counts	2	A second platform	The registered subsampling control agrees: matched to the analysis stratum document counts, r/wallstreetbets remains at chance in fold A (z = -0.0) and segregated in fold B (z = -5.2), so neither reading is a document-co
2gram	documents vary	2	Introduction	We show this criterion is badly anti-conservative, flagging formation far too easily, when documents vary in size, as they do in virtually every real corpus.
2gram	eligibility rule	2	Introduction	The eligibility rule used in this paper, a pair whose expected co-occurrence under independence is high and whose observed co-occurrence is zero, is our own operationalization of that tradition, not a criterion any of th
2gram	evaluation build	2	A second platform	The two folds are separated by the 2020-2021 market regime change (build 2017-2018 with evaluation 2019; build 2022-2023 with evaluation 2024).
2gram	evaluation documents	2	Measurement summary	The segregation statistic z pools all eligible pairs: it counts the evaluation documents in which any eligible pair co-occurs and standardizes that total against a permutation null distribution.
2gram	evaluation fold	2	Measurement summary	Two temporal folds are used: build 2015 to 2016 with evaluation 2017 (fold 1), and build 2015 with evaluation 2016 (fold 2).
2gram	expected-but-absent pairs	2	An apparent thirty-fold effect in author space	For roughly one day, the working conclusion of this project was that thread-level co-occurrence had simply been the wrong measurement, and that individuals do bridge expected-but-absent pairs at high rates.
2gram	failure condition	2	Introduction	A placebo test, registered with its failure condition stated in advance, then revealed that randomly shuffled data "forms" nearly twice as many pairs as the real data.
2gram	false positives	2	Abstract	A per-pair permutation test leaves new connections no higher than false positives produce.
2gram	formation rates	2	Introduction	In our author-level analysis it produced formation rates of 19 to 24 percent that survived two further pre-registered evaluations.
2gram	fully constrained	2	Introduction	Those studies measured the false-positive (Type I) inflation of partially constrained null models and converged on fully constrained ("fixed-fixed") randomizations as the safer default (Connor and Simberloff 1979; Gotell
2gram	how often	2	Introduction	The standard way to score a new co-occurrence as "real" is a chance-calibrated test: observed joint document count against an expected count derived from the two concepts' marginal frequencies, that is, from how often ea
2gram	investor attention	2	Discussion	Models of segmented investor attention take persistent, sticky attention boundaries as a premise: Merton's (1987) investor recognition hypothesis prices assets partly by which investors are aware of them; Hong and Stein 
2gram	joint occurrences	2	The placebo	The z-criterion's internal expectation, built from marginal frequencies, does not account for large documents, whose joint occurrences grow with the square of their size.
2gram	label-shuffle placebo	2	Discussion	We urge text-corpus practice to adopt the control ecology reached: a label-shuffle placebo, five lines of code and a few CPU-minutes, as a mandatory control wherever a formation or emergence rate is computed from co-occu
2gram	large documents	2	Introduction	It holds each concept's frequency fixed but lets document sizes float, which makes it the kind of partially constrained null that ecology showed to inflate false positives, and it fails here for the same reason: large do
2gram	large stable	2	Discussion	Our results measure what leaving it out costs: with heterogeneous document sizes the partially constrained criterion produces large, stable, replication-surviving effects where no real association exists.
2gram	link prediction	2	Introduction	Later work recast the search as link prediction on the co-occurrence graph itself.
2gram	literature measures	2	Introduction	This literature measures the value of rare combinations; ours measures whether expected combinations happen at all.
2gram	mandatory control	2	Introduction	We describe the corrected criterion (a per-pair permutation test) and suggest the shuffle as a mandatory control for co-occurrence formation claims generally.
2gram	million-pair sample	2	The instrument finds the signal where it exists	Within the benchmark's suppressed subset (expected joint count at least 2, no prior co-occurrence), 67 percent of pairs connect (188 of 281 in a 10-million-pair sample).
2gram	null model	2	Discussion	Third, raised by our own internal adversarial review and untested: the label-shuffle placebo preserves marginal frequencies but destroys temporal structure within the evaluation window, so a null model that additionally 
2gram	observed co-occurrence	2	Introduction	The eligibility rule used in this paper, a pair whose expected co-occurrence under independence is high and whose observed co-occurrence is zero, is our own operationalization of that tradition, not a criterion any of th
2gram	pairs connect	2	Abstract	Pairs never discussed together, called suppressed pairs, connect no more than popularity and overlapping topics predict.
2gram	paper's scope	2	The instrument finds the signal where it exists	Whether the benchmark's 67 percent is itself substantially mechanical (the AI concept graph grows denser rapidly over the target years) is a further open question, outside this paper's scope.
2gram	pattern matching	2	A second platform	There the concept unit is the stock ticker, extracted by pattern matching and validated against the SEC registrant table rather than produced by a language model.
2gram	permutation criterion	2	Measurement summary	The paper uses two definitions of beyond chance, the standard z-criterion and a per-pair permutation criterion.
2gram	permutation null	2	Measurement summary	The segregation statistic z pools all eligible pairs: it counts the evaluation documents in which any eligible pair co-occurs and standardizes that total against a permutation null distribution.
2gram	post-hoc arithmetic	2	A second platform	Power limits this to "no effect larger than 3.7 and roughly 2 percent respectively", not "no effect"; the first figure was registered, the second is post-hoc arithmetic disclosed in Methods.
2gram	post-regime fold	2	A second platform	Suppressed ticker pairs co-occur at z = -8.8 in the pre-regime fold (334 observed joint mentions against 544 expected) and z = -17.7 in the post-regime fold (726 against 1,383), robust to counting only the $-prefixed cas
2gram	real association	2	The placebo	The shuffle preserves every document's size and every concept's total frequency while destroying any real association between concepts and people.
2gram	registered placebo	2	Discussion	That answer is secured by a positive control, a registered placebo that caught our own false positive, a corrected permutation criterion, and a pre-registered replication on a second platform with independent units.
2gram	registration files	2	Registered predictions and pre-committed readings	Table 1 lists them in the order they were run, with the observed result; the verbatim rules are in the registration files listed in the commit appendix.
2gram	roughly percent	2	The gaps are held open	Suppressed pairs co-occur at roughly 70 percent of chance in author space and roughly a quarter of chance in thread space.
2gram	safer default	2	Introduction	Those studies measured the false-positive (Type I) inflation of partially constrained null models and converged on fully constrained ("fixed-fixed") randomizations as the safer default (Connor and Simberloff 1979; Gotell
2gram	semantic features	2	No formation signal at any granularity in thread space	Semantic features (embedding affinity between concept labels) are indistinguishable from random.
2gram	shuffle replicates	2	The placebo	Yet all of these numbers sit below their own shuffled expectations: in every window and under both attribution rules the observed formation count falls below the minimum of its 100 shuffle replicates (commit appendix).
2gram	single conversation	2	An apparent thirty-fold effect in author space	A person can connect two ideas that no single conversation ever did.
2gram	stay apart	2	Abstract	Ideas that never meet online mark communities that stay apart, not future discoveries waiting to happen.
2gram	stock ticker	2	A second platform	There the concept unit is the stock ticker, extracted by pattern matching and validated against the SEC registrant table rather than produced by a language model.
2gram	substantially mechanical	2	The instrument finds the signal where it exists	Whether the benchmark's 67 percent is itself substantially mechanical (the AI concept graph grows denser rapidly over the target years) is a further open question, outside this paper's scope.
2gram	temporal folds	2	Measurement summary	Two temporal folds are used: build 2015 to 2016 with evaluation 2017 (fold 1), and build 2015 with evaluation 2016 (fold 2).
2gram	text-corpus practice	2	Discussion	Ecologists identified the defect in this class of test decades ago and converged on fully constrained permutation null models as the safer default in response (Introduction); to our knowledge, text-corpus practice has no
2gram	thread level	2	Abstract	Suppressed pairs appear together far below chance: nearly 9 standard deviations at author level, over 100 at thread level.
2gram	to- percent	2	The placebo	The 19-to-24-percent rate was an artifact of the measuring stick.
2gram	too easily	2	Abstract	The standard test against chance flags connections too easily when document sizes vary.
2gram	triadic closure	2	Introduction	Our thread-level findings echo this: the only surviving predictor families are node popularity and triadic closure, the two best-established generic regularities of growing networks (Newman 2001; Kossinets and Watts 2006
2gram	unit definition	2	Measurement summary	Every unit definition, threshold, fold boundary, and interpretation rule was registered and committed before the corresponding evaluation ran; full specifications are in Methods.
2gram	unit noise	2	Discussion	The science control shows the pipeline finds real signal through comparable unit noise, and a registered robustness check shows the results are insensitive to the attribution path, but unit noise still bounds how sharp a
2gram	vary widely	2	The placebo	Author-quarter documents vary widely in size (median 5 concepts, 90th percentile 21, maximum 100 under the hub exclusion described in Methods).
2gram	wide margin	2	The gaps are held open	The registered pass threshold for this statistic (z ≤ −3 in both author folds) is met by a wide margin, in both spaces.
3gram	build with evaluation	6	Measurement summary	Two temporal folds are used: build 2015 to 2016 with evaluation 2017 (fold 1), and build 2015 with evaluation 2016 (fold 2).
3gram	market regime change	5	Abstract	Both results replicate across the 2020-2021 market regime change.
3gram	science cast benchmark	5	Abstract	On the Science4Cast benchmark of AI papers, where the effect is known, the same method finds it.
3gram	far below chance	4	Abstract	Suppressed pairs appear together far below chance: nearly 9 standard deviations at author level, over 100 at thread level.
3gram	reddit financial discussion	4	Introduction	Hacker News is the test case; Reddit financial discussion is the replication.
3gram	concept's total frequency	3	Measurement summary	The shuffle moves concept labels across document slots, preserving every document's size and every concept's total frequency, with 100 replicates and a fixed seed.
3gram	fixed and committed	3	Introduction	In three years of Hacker News data, 2015 to 2017, suppressed concept pairs do not connect above chance at any document granularity we tested, under evaluations whose designs were fixed and committed before any outcome wa
3gram	joint document count	3	Introduction	The standard way to score a new co-occurrence as "real" is a chance-calibrated test: observed joint document count against an expected count derived from the two concepts' marginal frequencies, that is, from how often ea
3gram	outcome was computed	3	Introduction	In three years of Hacker News data, 2015 to 2017, suppressed concept pairs do not connect above chance at any document granularity we tested, under evaluations whose designs were fixed and committed before any outcome wa
3gram	per-pair permutation test	3	Abstract	A per-pair permutation test leaves new connections no higher than false positives produce.
3gram	registered pass threshold	3	An apparent thirty-fold effect in author space	The effect survived two further registered evaluations: it held at 23.1 percent on economically relevant vocabulary (6 of 26 exposed pairs, against a registered pass threshold of 3).
3gram	roughly times random	3	Introduction	The instrument is not at fault: the identical pipeline, pointed at Science4Cast, recovers the known signal at roughly 105 times random precision.
3gram	survived two further	3	Introduction	In our author-level analysis it produced formation rates of 19 to 24 percent that survived two further pre-registered evaluations.
3gram	benchmark's own edge-existence	2	Discussion	The science-corpus figure of 67 percent rests on the benchmark's own edge-existence ground truth (Results), not on the criterion we retire here, so it is not contaminated by this defect.
3gram	companion paper quiring	2	Introduction	A companion paper (Quiring 2026) follows the one community in this program that ever changed state.
3gram	concept's frequency fixed	2	Introduction	Our corrected criterion belongs to that family: a label permutation over the document-concept matrix that holds every document's size and every concept's frequency fixed.
3gram	connect above chance	2	Introduction	In three years of Hacker News data, 2015 to 2017, suppressed concept pairs do not connect above chance at any document granularity we tested, under evaluations whose designs were fixed and committed before any outcome wa
3gram	design criterion folds	2	A second platform	The design, criterion, folds, the first fold's power analysis, and all interpretation thresholds were fixed and committed before any outcome was computed.
3gram	discussion six subreddits	2	A second platform	We tested it with a pre-registered replication on a structurally different corpus (acquisition and disclosures in Methods): Reddit financial discussion (six subreddits, 41.5 million unique posts and comments, 2017-2024).
3gram	document sizes vary	2	Abstract	The standard test against chance flags connections too easily when document sizes vary.
3gram	document slots preserving	2	Measurement summary	The shuffle moves concept labels across document slots, preserving every document's size and every concept's total frequency, with 100 replicates and a fixed seed.
3gram	economically relevant vocabulary	2	No formation signal at any granularity in thread space	Restricting to economically relevant vocabulary (a registered classification of concepts into exposed versus generic) leaves 8 formations per year in fold 1 and 1 in fold 2 across the entire site.
3gram	edge-existence ground truth	2	Discussion	The science-corpus figure of 67 percent rests on the benchmark's own edge-existence ground truth (Results), not on the criterion we retire here, so it is not contaminated by this defect.
3gram	eligibility and ranking	2	The instrument finds the signal where it exists	A null result of this kind is only as credible as its instrument, so we ran the identical eligibility and ranking pipeline, unchanged, on the Science4Cast benchmark where the signal is known to exist.
3gram	eligible suppressed pairs	2	No formation signal at any granularity in thread space	At concept-level granularity the graph is dense and eligible suppressed pairs are plentiful (25,161 in fold 1; 7,505 in fold 2), but under the z-criterion only 0.60 and 0.68 percent of them form.
3gram	evaluation year fold	2	Documents, suppressed pairs, and formation	We evaluate on two temporal folds: build 2015 to 2016 with evaluation year 2017 (fold 1), and build 2015 with evaluation year 2016 (fold 2).
3gram	expected joint count	2	The instrument finds the signal where it exists	Within the benchmark's suppressed subset (expected joint count at least 2, no prior co-occurrence), 67 percent of pairs connect (188 of 281 in a 10-million-pair sample).
3gram	expected-but-absent concept pairs	2	Introduction	If expected-but-absent concept pairs predict future connections there, the applications are broad, from research recommendation to trend analysis.
3gram	fold and build	2	Measurement summary	Two temporal folds are used: build 2015 to 2016 with evaluation 2017 (fold 1), and build 2015 with evaluation 2016 (fold 2).
3gram	fold's power analysis	2	A second platform	The design, criterion, folds, the first fold's power analysis, and all interpretation thresholds were fixed and committed before any outcome was computed.
3gram	folds are separated	2	A second platform	The two folds are separated by the 2020-2021 market regime change (build 2017-2018 with evaluation 2019; build 2022-2023 with evaluation 2024).
3gram	further pre-registered evaluations	2	Introduction	In our author-level analysis it produced formation rates of 19 to 24 percent that survived two further pre-registered evaluations.
3gram	internal adversarial review	2	Discussion	Third, raised by our own internal adversarial review and untested: the label-shuffle placebo preserves marginal frequencies but destroys temporal structure within the evaluation window, so a null model that additionally 
3gram	matching and validated	2	A second platform	There the concept unit is the stock ticker, extracted by pattern matching and validated against the SEC registrant table rather than produced by a language model.
3gram	measure what leaving	2	Introduction	Our contribution is to carry it into text corpora and to measure what leaving it out has cost.
3gram	million unique posts	2	A second platform	We tested it with a pre-registered replication on a structurally different corpus (acquisition and disclosures in Methods): Reddit financial discussion (six subreddits, 41.5 million unique posts and comments, 2017-2024).
3gram	nearly standard deviations	2	Abstract	Suppressed pairs appear together far below chance: nearly 9 standard deviations at author level, over 100 at thread level.
3gram	never discussed together	2	Abstract	In science, two well-studied ideas never discussed together make a likely candidate for a future discovery.
3gram	observed joint document	2	Introduction	The standard way to score a new co-occurrence as "real" is a chance-calibrated test: observed joint document count against an expected count derived from the two concepts' marginal frequencies, that is, from how often ea
3gram	outside this paper's	2	The instrument finds the signal where it exists	Whether the benchmark's 67 percent is itself substantially mechanical (the AI concept graph grows denser rapidly over the target years) is a further open question, outside this paper's scope.
3gram	own edge-existence ground	2	Discussion	The science-corpus figure of 67 percent rests on the benchmark's own edge-existence ground truth (Results), not on the criterion we retire here, so it is not contaminated by this defect.
3gram	own shuffled expectations	2	The placebo	The observed counts sit 5.8 and 5.0 standard deviations below their own shuffled expectations.
3gram	paper was registered	2	Registered predictions and pre-committed readings	Each evaluation in this paper was registered with its pass threshold and with the reading each outcome would receive, before the evaluation ran.
3gram	partially constrained null	2	Introduction	Those studies measured the false-positive (Type I) inflation of partially constrained null models and converged on fully constrained ("fixed-fixed") randomizations as the safer default (Connor and Simberloff 1979; Gotell
3gram	plus its top	2	Measurement summary	In thread space, a document is one Hacker News discussion: a story title plus its top twenty comments.
3gram	posts and comments	2	A second platform	We tested it with a pre-registered replication on a structurally different corpus (acquisition and disclosures in Methods): Reddit financial discussion (six subreddits, 41.5 million unique posts and comments, 2017-2024).
3gram	preserving every document's	2	Measurement summary	The shuffle moves concept labels across document slots, preserving every document's size and every concept's total frequency, with 100 replicates and a fixed seed.
3gram	ranking pipeline unchanged	2	The instrument finds the signal where it exists	A null result of this kind is only as credible as its instrument, so we ran the identical eligibility and ranking pipeline, unchanged, on the Science4Cast benchmark where the signal is known to exist.
3gram	regime change build	2	A second platform	The two folds are separated by the 2020-2021 market regime change (build 2017-2018 with evaluation 2019; build 2022-2023 with evaluation 2024).
3gram	registered and committed	2	Measurement summary	Every unit definition, threshold, fold boundary, and interpretation rule was registered and committed before the corresponding evaluation ran; full specifications are in Methods.
3gram	registered robustness check	2	Discussion	The science control shows the pipeline finds real signal through comparable unit noise, and a registered robustness check shows the results are insensitive to the attribution path, but unit noise still bounds how sharp a
3gram	registration and result	2	Registration protocol	The repository's commit history, released with the paper, provides independent timestamps (Figure 4) for the ordering of every registration and result, including the ones that overturned our own conclusions.
3gram	sec registrant table	2	A second platform	There the concept unit is the stock ticker, extracted by pattern matching and validated against the SEC registrant table rather than produced by a language model.
3gram	separately pre-committed registration	2	Positive control on the Science4Cast benchmark	Its registration was written before any ranker was scored against the benchmark's solution vector, and the control was later re-executed from a separately pre-committed registration on different hardware (Registration pr
3gram	shows the results	2	Discussion	The science control shows the pipeline finds real signal through comparable unit noise, and a registered robustness check shows the results are insensitive to the attribution path, but unit noise still bounds how sharp a
3gram	shuffled data forms	2	Introduction	A placebo test, registered with its failure condition stated in advance, then revealed that randomly shuffled data "forms" nearly twice as many pairs as the real data.
3gram	story title plus	2	Measurement summary	In thread space, a document is one Hacker News discussion: a story title plus its top twenty comments.
3gram	structurally different corpus	2	A second platform	We tested it with a pre-registered replication on a structurally different corpus (acquisition and disclosures in Methods): Reddit financial discussion (six subreddits, 41.5 million unique posts and comments, 2017-2024).
3gram	subreddits million unique	2	A second platform	We tested it with a pre-registered replication on a structurally different corpus (acquisition and disclosures in Methods): Reddit financial discussion (six subreddits, 41.5 million unique posts and comments, 2017-2024).
3gram	suppressed concept pairs	2	Introduction	In three years of Hacker News data, 2015 to 2017, suppressed concept pairs do not connect above chance at any document granularity we tested, under evaluations whose designs were fixed and committed before any outcome wa
3gram	suppressed pairs co-occur	2	Measurement summary	A z near zero means suppressed pairs co-occur about as often as chance predicts; a strongly negative z means they are kept apart.
3gram	thresholds were fixed	2	A second platform	The design, criterion, folds, the first fold's power analysis, and all interpretation thresholds were fixed and committed before any outcome was computed.
3gram	top twenty comments	2	Measurement summary	In thread space, a document is one Hacker News discussion: a story title plus its top twenty comments.
3gram	written claim connecting	2	An apparent thirty-fold effect in author space	A registered follow-up showed the formations were almost never accompanied by any written claim connecting the two concepts, suggesting the two audiences were converging before anyone articulated the link.
hyphen	co-occurrence	20	Introduction	Later work recast the search as link prediction on the co-occurrence graph itself.
hyphen	co-occur	9	Introduction	The insight became literature-based discovery (LBD; Swanson 1986b): map which concepts co-occur in a corpus, find pairs of concepts that are linked through shared intermediates but never directly, and treat those pairs a
hyphen	literature-based	7	Abstract	Predicting which pair connects next is the aim of literature-based discovery.
hyphen	per-pair	6	Abstract	A per-pair permutation test leaves new connections no higher than false positives produce.
hyphen	pre-registered	6	Abstract	Here we test it on 200 thousand Hacker News discussions from 2015 to 2017, with a pre-registered replication on 41.5 million Reddit finance posts, 2017 to 2024, using stock tickers.
hyphen	z-criterion	5	Measurement summary	The paper uses two definitions of beyond chance, the standard z-criterion and a per-pair permutation criterion.
hyphen	analysis-oriented	4	A second platform	The six subreddits are read as two strata, r/wallstreetbets alone and the five analysis-oriented subreddits pooled, and as one pooled set of all six.
hyphen	author-space	4	Discussion	The 19-to-24-percent author-space rates survived two further pre-registered evaluations with thresholds fixed in advance before the placebo caught them.
hyphen	expected-but-absent	4	Introduction	If expected-but-absent concept pairs predict future connections there, the applications are broad, from research recommendation to trend analysis.
hyphen	text-corpus	4	Introduction	How to calibrate "beyond chance" was worked out in ecology decades ago, and text-corpus work has not adopted the answer.
hyphen	co-occurs	3	Measurement summary	The segregation statistic z pools all eligible pairs: it counts the evaluation documents in which any eligible pair co-occurs and standardizes that total against a permutation null distribution.
hyphen	false-positive	3	Introduction	Those studies measured the false-positive (Type I) inflation of partially constrained null models and converged on fully constrained ("fixed-fixed") randomizations as the safer default (Connor and Simberloff 1979; Gotell
hyphen	post-hoc	3	A second platform	Power limits this to "no effect larger than 3.7 and roughly 2 percent respectively", not "no effect"; the first figure was registered, the second is post-hoc arithmetic disclosed in Methods.
hyphen	thread-space	3	An apparent thirty-fold effect in author space	Under the z-criterion they formed at 19.2 and 23.6 percent, thirty times the thread-space rate.
hyphen	analysis-stratum	2	A second platform	In fold A the segregation lived entirely in the analysis-oriented subreddits (z = -10.1) while r/wallstreetbets sat exactly at chance (z = -0.1; not a power artifact, since an analysis-stratum effect there would have sho
hyphen	author-level	2	Introduction	In our author-level analysis it produced formation rates of 19 to 24 percent that survived two further pre-registered evaluations.
hyphen	author-quarters	2	Documents, suppressed pairs, and formation	Author-quarters with more than 100 distinct concepts are excluded as hubs: without the exclusion, hub documents' combinatorial co-occurrence collapses the suppressed universe to 41 and 9 eligible pairs in the two folds (
hyphen	chance-calibrated	2	Introduction	The standard way to score a new co-occurrence as "real" is a chance-calibrated test: observed joint document count against an expected count derived from the two concepts' marginal frequencies, that is, from how often ea
hyphen	concept-level	2	No formation signal at any granularity in thread space	At concept-level granularity the graph is dense and eligible suppressed pairs are plentiful (25,161 in fold 1; 7,505 in fold 2), but under the z-criterion only 0.60 and 0.68 percent of them form.
hyphen	edge-existence	2	Discussion	The science-corpus figure of 67 percent rests on the benchmark's own edge-existence ground truth (Results), not on the criterion we retire here, so it is not contaminated by this defect.
hyphen	label-shuffle	2	Discussion	We urge text-corpus practice to adopt the control ecology reached: a label-shuffle placebo, five lines of code and a few CPU-minutes, as a mandatory control wherever a formation or emergence rate is computed from co-occu
hyphen	link-prediction	2	Introduction	The Science4Cast benchmark turned it into a machine-learning competition on a 64,000-node concept graph, with link-prediction scores (area under the receiver operating characteristic curve, AUC) above 0.9 for the best me
hyphen	million-pair	2	The instrument finds the signal where it exists	Within the benchmark's suppressed subset (expected joint count at least 2, no prior co-occurrence), 67 percent of pairs connect (188 of 281 in a 10-million-pair sample).
hyphen	outcome-blind	2	Registration protocol	Outcome-blind quantities (document counts, eligible-pair censuses) were appended to registrations before outcomes were computed, with one exception disclosed under Replication corpus below: the replication's second-fold 
hyphen	post-regime	2	A second platform	Suppressed ticker pairs co-occur at z = -8.8 in the pre-regime fold (334 observed joint mentions against 544 expected) and z = -17.7 in the post-regime fold (726 against 1,383), robust to counting only the $-prefixed cas
hyphen	pre-committed	2	Positive control on the Science4Cast benchmark	Its registration was written before any ranker was scored against the benchmark's solution vector, and the control was later re-executed from a separately pre-committed registration on different hardware (Registration pr
hyphen	re-executed	2	Positive control on the Science4Cast benchmark	Its registration was written before any ranker was scored against the benchmark's solution vector, and the control was later re-executed from a separately pre-committed registration on different hardware (Registration pr
hyphen	thread-level	2	Introduction	Our thread-level findings echo this: the only surviving predictor families are node popularity and triadic closure, the two best-established generic regularities of growing networks (Newman 2001; Kossinets and Watts 2006
hyphen	above-chance	1	Discussion	It says: on a large general-technology forum, over three years, with language-model-extracted concept units at two granularities, and on eight years of Reddit financial discussion with ticker units, expected-but-absent c
hyphen	above-floor	1	Discussion	The companion paper's registered study on the replication corpus (Quiring 2026) finds a confined above-floor formation burst inside the windows around the January 2021 GameStop squeeze (windows our folds exclude by desig
hyphen	all-subreddits	1	A second platform	Segregation: the registered pass threshold (z <= -3 in both folds) is met by a wide margin in the pooled all-subreddits cell, which we take as primary for symmetry with the formation readout.
hyphen	anti-conservative	1	Introduction	We show this criterion is badly anti-conservative, flagging formation far too easily, when documents vary in size, as they do in virtually every real corpus.
hyphen	artificial-intelligence	1	Introduction	In the Science4Cast benchmark, built from 143,000 artificial-intelligence papers, concept pairs can be ranked by their probability of future connection well above chance (Krenn et al. 2023).
hyphen	author-persistence	1	Replication corpus and acquisition	Two registered secondary readouts were not computed, the author-persistence module and the duplicate-rate checks; neither had a threshold attached.
hyphen	author-quarter	1	The placebo	Author-quarter documents vary widely in size (median 5 concepts, 90th percentile 21, maximum 100 under the hub exclusion described in Methods).
hyphen	best-established	1	Introduction	Our thread-level findings echo this: the only surviving predictor families are node popularity and triadic closure, the two best-established generic regularities of growing networks (Newman 2001; Kossinets and Watts 2006
hyphen	better-powered	1	The gaps are held open	The same permutation machinery yields a second, better-powered statistic: the total number of joint occurrences across all eligible pairs, observed versus shuffled (Figure 2c).
hyphen	build-era	1	Replication corpus and acquisition	Cross-source equivalence evidence therefore rests on one build-era month (comments only), where the two sources agree at 99.96 percent.
hyphen	claim-level	1	No formation signal at any granularity in thread space	At claim-level granularity nothing repeats: the co-occurrence graph over paraphrased claims is empty and the analysis is degenerate.
hyphen	co-attention	1	Discussion	Similarly, the returns to brokerage across "structural holes" (Burt 2004) require that holes persist against the incentive to close them; co-attention persistently below chance across a decade of discourse on two platfor
hyphen	co-occurred	1	The gaps are held open	The interpretation is simple and, we believe, the paper's most durable finding: two concepts that have never co-occurred, despite ample independent popularity, are not on their way to meeting.
hyphen	co-occurrences	1	Introduction	It holds each concept's frequency fixed but lets document sizes float, which makes it the kind of partially constrained null that ecology showed to inflate false positives, and it fails here for the same reason: large do
hyphen	co-word	1	Introduction	The method has a lineage, reviewed by Henry and McInnes (2017), Sebastian, Siew and Orimaye (2017) and Thilakaratne, Falkner and Atapattu (2019), and a scientometric cousin in co-word analysis (Callon, Courtial and Lavil
hyphen	community-level	1	Introduction	That discourse is known to sort itself: people who discuss one thing tend not to discuss another, from homophily in offline networks (McPherson, Smith-Lovin and Cook 2001) to the segregated link structure of political bl
hyphen	cpu-minutes	1	Discussion	We urge text-corpus practice to adopt the control ecology reached: a label-shuffle placebo, five lines of code and a few CPU-minutes, as a mandatory control wherever a formation or emergence rate is computed from co-occu
hyphen	cross-corpus	1	Registration protocol	The registration files use working names that this paper does not: each pass threshold is a bar, the cross-corpus comparison of formation rates is the ladder, and the replication study is the gate, whose amended readouts
hyphen	cross-domain	1	Discussion	One implication runs the other way: accounts in which new cross-domain narratives percolate upward from public conversation are hard to square with both the segregation result and the author-space timing evidence, in whi
hyphen	cross-source	1	Replication corpus and acquisition	Cross-source equivalence evidence therefore rests on one build-era month (comments only), where the two sources agree at 99.96 percent.
hyphen	data-source	1	A second platform	On its face the pattern is regime-dependent (the same community at chance before 2020, segregated after 2021), but that reading is post-hoc and confounded with the folds' era and data-source differences, so we leave it a
hyphen	degree-based	1	Introduction	A Science4Cast competition entry demonstrated the same point in practice, placing third with degree-based features alone (Aghajohari et al. 2021).
hyphen	degree-bias	1	The instrument finds the signal where it exists	One observation from this control does carry forward: in science as on Hacker News, popularity features match or exceed closure and semantic features add nothing, consistent with the degree-bias literature (Aiyappa et al
hyphen	degree-only	1	Introduction	(2025) showed that standard link-prediction evaluation carries an implicit degree bias: a degree-only ranker is near optimal on many benchmarks.
hyphen	document-concept	1	Introduction	Our corrected criterion belongs to that family: a label permutation over the document-concept matrix that holds every document's size and every concept's frequency fixed.
hyphen	document-count	1	A second platform	The registered subsampling control agrees: matched to the analysis stratum document counts, r/wallstreetbets remains at chance in fold A (z = -0.0) and segregated in fold B (z = -5.2), so neither reading is a document-co
hyphen	document-size	1	Documents, suppressed pairs, and formation	This makes each pair's false-positive rate about 1 percent by construction, independent of document-size heterogeneity.
hyphen	duplicate-rate	1	Replication corpus and acquisition	Two registered secondary readouts were not computed, the author-persistence module and the duplicate-rate checks; neither had a threshold attached.
hyphen	eligible-pair	1	Registration protocol	Outcome-blind quantities (document counts, eligible-pair censuses) were appended to registrations before outcomes were computed, with one exception disclosed under Replication corpus below: the replication's second-fold 
hyphen	fixed-fixed	1	Introduction	Those studies measured the false-positive (Type I) inflation of partially constrained null models and converged on fully constrained ("fixed-fixed") randomizations as the safer default (Connor and Simberloff 1979; Gotell
hyphen	fold-a	1	A second platform	The registration left the cell unspecified, and per-stratum readings vary (one fold-A stratum sits at chance, below).
hyphen	follow-up	1	An apparent thirty-fold effect in author space	A registered follow-up showed the formations were almost never accompanied by any written claim connecting the two concepts, suggesting the two audiences were converging before anyone articulated the link.
hyphen	full-document	1	Concept extraction and attribution	For 2015 through 2017, the full-document extraction yields 1.17 million claims, each a paraphrased assertion with a verbatim supporting quote and a list of lowercased concept strings.
hyphen	gap-closing	1	Discussion	It does not say that no discourse corpus anywhere shows real gap-closing (a structurally different corpus is tested in the replication above).
hyphen	gap-finding	1	Introduction	Swanson and Smalheiser (1998) turned gap-finding into a working tool on scientific text; Rzhetsky, Foster, Foster and Evans (2015) built co-occurrence discovery networks on the biomedical literature; and Krenn and Zeilin
hyphen	general-technology	1	Discussion	It says: on a large general-technology forum, over three years, with language-model-extracted concept units at two granularities, and on eight years of Reddit financial discussion with ticker units, expected-but-absent c
hyphen	half-yearly	1	The placebo	The rate is stable under monthly and half-yearly document windows (9.7 to 27.8 percent) and under a conservative attribution rule that discards all story-author credits (24.9 and 27.5 percent).
hyphen	high-impact	1	Introduction	Uzzi, Mukherjee, Stringer and Jones (2013) showed that high-impact papers combine a conventional core with a small number of atypical journal pairings.
hyphen	ill-posed	1	The instrument finds the signal where it exists	Early in this project we treated the two as rungs of one calibration ladder; that comparison was ill-posed and we withdraw it here.
hyphen	label-shuffled	1	Documents, suppressed pairs, and formation	- **z-criterion (standard; used for the thread-space results and the author-space result):** at least 2 evaluation documents contain both concepts, at least 2 distinct authors are involved, and the observed joint documen
hyphen	language-model	1	Discussion	First, concept units come from a language-model extraction.
hyphen	language-model-extracted	1	Discussion	It says: on a large general-technology forum, over three years, with language-model-extracted concept units at two granularities, and on eight years of Reddit financial discussion with ticker units, expected-but-absent c
hyphen	large-language-model	1	AI assistance	Analysis code, evaluations, and manuscript drafting were performed with a large-language-model assistant operating under the author's direction.
hyphen	liben-nowell	1	Introduction	Co-occurrence gap prediction is a case of link prediction on a growing graph (Liben-Nowell and Kleinberg 2007).
hyphen	machine-learning	1	Introduction	The Science4Cast benchmark turned it into a machine-learning competition on a 64,000-node concept graph, with link-prediction scores (area under the receiver operating characteristic curve, AUC) above 0.9 for the best me
hyphen	materials-science	1	Introduction	Word embeddings trained on materials-science abstracts flagged thermoelectric compounds years before their discovery papers (Tshitoyan et al. 2019).
hyphen	mid-acquisition	1	Replication corpus and acquisition	Part of the archival source proved unavailable mid-acquisition and was replaced by API pulls under dated amendments.
hyphen	mid-build	1	A second platform	A symbol that listed mid-build (ARM, September 2023) is automatically "suppressed" early and automatically likely to co-occur later: a survivorship pattern that inflates formation and therefore cannot rescue the null res
hyphen	minimum-detectable-rate	1	Replication corpus and acquisition	The second fold's minimum-detectable-rate figure is post-hoc arithmetic on the final census, computed by the registered formula but not itself registered.
hyphen	network-science	1	No formation signal at any granularity in thread space	Its precision-at-200, the share of the top 200 ranked pairs that formed, is around 2.5 percent, roughly 4 times random: the generic network-science baseline, which requires none of the discovery apparatus.
hyphen	non-scientific	1	Introduction	Our study is, to our knowledge, the first application of the literature-based discovery gap criterion to non-scientific discourse.
hyphen	partial-fold	1	Replication corpus and acquisition	An interim evaluation ran before those amendments; its partial-fold outcomes existed but had been voided in advance by a committed interim clause.
hyphen	per-stratum	1	A second platform	The registration left the cell unspecified, and per-stratum readings vary (one fold-A stratum sits at chance, below).
hyphen	percent-per-pair	1	Calibrated formation: nothing, anywhere	No cell shows formation above what a 1-percent-per-pair error rate produces on its own.
hyphen	plus-minus	1	A second platform	Shuffle-based z values are quoted from the registered seed under deterministic code; with 100 shuffle replicates the standard deviation of the shuffled total implies roughly plus-minus 0.5 seed-to-seed variation at these
hyphen	poisson-style	1	Documents, suppressed pairs, and formation	- **z-criterion (standard; used for the thread-space results and the author-space result):** at least 2 evaluation documents contain both concepts, at least 2 distinct authors are involved, and the observed joint documen
hyphen	post-review	1	Results	All numbers in this section are from the post-review regeneration on deterministic artifacts; the commit references for every quantity are collected in the commit appendix.
hyphen	pre-regime	1	A second platform	Suppressed ticker pairs co-occur at z = -8.8 in the pre-regime fold (334 observed joint mentions against 544 expected) and z = -17.7 in the post-regime fold (726 against 1,383), robust to counting only the $-prefixed cas
hyphen	precision-at-	1	No formation signal at any granularity in thread space	Its precision-at-200, the share of the top 200 ranked pairs that formed, is around 2.5 percent, roughly 4 times random: the generic network-science baseline, which requires none of the discovery apparatus.
hyphen	quantum-physics	1	Introduction	Swanson and Smalheiser (1998) turned gap-finding into a working tool on scientific text; Rzhetsky, Foster, Foster and Evans (2015) built co-occurrence discovery networks on the biomedical literature; and Krenn and Zeilin
hyphen	re-defined	1	An apparent thirty-fold effect in author space	On this reasoning we re-defined the document as one author's concepts within a calendar quarter and re-ran the identical formulation, registered before evaluation as always.
hyphen	re-measurement	1	Discussion	And it says nothing about scientific corpora except that their headline rates deserve re-measurement.
hyphen	re-ran	1	An apparent thirty-fold effect in author space	On this reasoning we re-defined the document as one author's concepts within a calendar quarter and re-ran the identical formulation, registered before evaluation as always.
hyphen	regime-dependent	1	A second platform	On its face the pattern is regime-dependent (the same community at chance before 2020, segregated after 2021), but that reading is post-hoc and confounded with the folds' era and data-source differences, so we leave it a
hyphen	replication-surviving	1	Discussion	Our results measure what leaving it out costs: with heterogeneous document sizes the partially constrained criterion produces large, stable, replication-surviving effects where no real association exists.
hyphen	risk-reward	1	Introduction	Foster, Rzhetsky and Evans (2015) documented the risk-reward tradeoff of unconventional combinations.
hyphen	science-corpus	1	Discussion	The science-corpus figure of 67 percent rests on the benchmark's own edge-existence ground truth (Results), not on the criterion we retire here, so it is not contaminated by this defect.
hyphen	second-fold	1	Registration protocol	Outcome-blind quantities (document counts, eligible-pair censuses) were appended to registrations before outcomes were computed, with one exception disclosed under Replication corpus below: the replication's second-fold 
hyphen	seed-to-seed	1	A second platform	Shuffle-based z values are quoted from the registered seed under deterministic code; with 100 shuffle replicates the standard deviation of the shuffled total implies roughly plus-minus 0.5 seed-to-seed variation at these
hyphen	self-indexing	1	Introduction	To our knowledge the transfer has not been tested, chiefly because discourse lacks the self-indexing that makes science tractable: no citations, no keywords, no discrete units.
hyphen	shuffle-based	1	A second platform	Shuffle-based z values are quoted from the registered seed under deterministic code; with 100 shuffle replicates the standard deviation of the shuffled total implies roughly plus-minus 0.5 seed-to-seed variation at these
hyphen	site-by-species	1	Introduction	Ecologists faced the same question, whether species co-occur more or less than chance, and tested it against null models that hold row and column totals of a site-by-species matrix to varying degrees.
hyphen	smith-lovin	1	Introduction	That discourse is known to sort itself: people who discuss one thing tend not to discuss another, from homophily in offline networks (McPherson, Smith-Lovin and Cook 2001) to the segregated link structure of political bl
hyphen	source-equivalence	1	Replication corpus and acquisition	A registered source-equivalence check on the evaluation year was never performed: it was rendered moot when we chose to acquire the evaluation year uniformly from one source.
hyphen	story-author	1	The placebo	The rate is stable under monthly and half-yearly document windows (9.7 to 27.8 percent) and under a conservative attribution rule that discards all story-author credits (24.9 and 27.5 percent).
hyphen	suppressed-pair	1	Discussion	**Segregation as the object of study.** Reading the result forward rather than as a failed prediction: the persistence of suppressed-pair segregation is itself a measurable, large, stable property of a discourse communit
hyphen	target-year	1	The instrument finds the signal where it exists	Formation on the benchmark is the benchmark's own ground truth: the appearance of any edge in the target-year graph.
hyphen	top-	1	Discussion	Second, author histories are truncated by the corpus design (top-20 comments per thread), so author-space frequencies undercount true activity; this shrinks the eligible universe but has no evident mechanism for biasing 
hyphen	version-control	1	AI assistance	All designs, thresholds, and interpretation rules were registered and committed before evaluation; the version-control history documents the full sequence, including the registered placebo that overturned an intermediate
hyphen	well-studied	1	Abstract	In science, two well-studied ideas never discussed together make a likely candidate for a future discovery.
hyphen	within-window	1	Discussion	Third, raised by our own internal adversarial review and untested: the label-shuffle placebo preserves marginal frequencies but destroys temporal structure within the evaluation window, so a null model that additionally 
hyphen	z-criterion's	1	The placebo	The z-criterion's internal expectation, built from marginal frequencies, does not account for large documents, whose joint occurrences grow with the square of their size.
hyphen	z-score	1	Introduction	The standard text-corpus criterion, the z-score against a Poisson expectation, constrains less.
hyphen	z-style	1	Discussion	**A criterion to retire.** The z-style chance calibration we began with is not an exotic choice; it is the natural first implementation of "co-occurs more than expected" and variants of it appear throughout the co-occurr
watch	fold	23	Measurement summary	Two temporal folds are used: build 2015 to 2016 with evaluation 2017 (fold 1), and build 2015 with evaluation 2016 (fold 2).
watch	formation	22	Introduction	We show this criterion is badly anti-conservative, flagging formation far too easily, when documents vary in size, as they do in virtually every real corpus.
watch	suppressed	16	Abstract	Pairs never discussed together, called suppressed pairs, connect no more than popularity and overlapping topics predict.
watch	eligible	13	Measurement summary	Among frequent concepts, a pair is eligible (we also call it suppressed) if two conditions hold: its expected joint document count under independence is at least 2, and its observed co-occurrence in the build window is z
watch	folds	13	Measurement summary	Two temporal folds are used: build 2015 to 2016 with evaluation 2017 (fold 1), and build 2015 with evaluation 2016 (fold 2).
watch	placebo	11	Introduction	A placebo test, registered with its failure condition stated in advance, then revealed that randomly shuffled data "forms" nearly twice as many pairs as the real data.
watch	segregation	11	Measurement summary	The segregation statistic z pools all eligible pairs: it counts the evaluation documents in which any eligible pair co-occurs and standardizes that total against a permutation null distribution.
watch	window	8	Measurement summary	Within a build window, a concept is frequent if it appears in at least 20 distinct documents.
watch	artifact	7	The placebo	The 19-to-24-percent rate was an artifact of the measuring stick.
watch	regime	6	Abstract	Both results replicate across the 2020-2021 market regime change.
watch	stratum	5	A second platform	The registration left the cell unspecified, and per-stratum readings vary (one fold-A stratum sits at chance, below).
watch	cell	4	Calibrated formation: nothing, anywhere	No cell shows formation above what a 1-percent-per-pair error rate produces on its own.
watch	census	4	A second platform	A registered confirmatory run in the companion paper (Quiring 2026), on a single uniform data source, reproduces the second fold's endpoint (all strata far below chance, formation at the floor), so the second fold's resu
watch	floor	4	Calibrated formation: nothing, anywhere	Formation collapses to the false-positive floor everywhere (Figure 3, Table 2).
watch	formed	4	No formation signal at any granularity in thread space	Its precision-at-200, the share of the top 200 ranked pairs that formed, is around 2.5 percent, roughly 4 times random: the generic network-science baseline, which requires none of the discovery apparatus.
watch	windows	4	The placebo	The rate is stable under monthly and half-yearly document windows (9.7 to 27.8 percent) and under a conservative attribution rule that discards all story-author credits (24.9 and 27.5 percent).
watch	artifacts	3	Results	All numbers in this section are from the post-review regeneration on deterministic artifacts; the commit references for every quantity are collected in the commit appendix.
watch	burst	3	Discussion	The companion paper's registered study on the replication corpus (Quiring 2026) finds a confined above-floor formation burst inside the windows around the January 2021 GameStop squeeze (windows our folds exclude by desig
watch	forms	3	Introduction	A placebo test, registered with its failure condition stated in advance, then revealed that randomly shuffled data "forms" nearly twice as many pairs as the real data.
watch	instrument	3	Introduction	The instrument is not at fault: the identical pipeline, pointed at Science4Cast, recovers the known signal at roughly 105 times random precision.
watch	mixing	3	Introduction	The general object is the mixing of idea communities in discourse, which literature-based discovery assumes and this paper measures.
watch	exposed	2	No formation signal at any granularity in thread space	Restricting to economically relevant vocabulary (a registered classification of concepts into exposed versus generic) leaves 8 formations per year in fold 1 and 1 in fold 2 across the entire site.
watch	hub	2	The placebo	Author-quarter documents vary widely in size (median 5 concepts, 90th percentile 21, maximum 100 under the hub exclusion described in Methods).
watch	ladder	2	The instrument finds the signal where it exists	Early in this project we treated the two as rungs of one calibration ladder; that comparison was ill-posed and we withdraw it here.
watch	machinery	2	The gaps are held open	The same permutation machinery yields a second, better-powered statistic: the total number of joint occurrences across all eligible pairs, observed versus shuffled (Figure 2c).
watch	readouts	2	Registration protocol	The registration files use working names that this paper does not: each pass threshold is a bar, the cross-corpus comparison of formation rates is the ladder, and the replication study is the gate, whose amended readouts
watch	strata	2	A second platform	The six subreddits are read as two strata, r/wallstreetbets alone and the five analysis-oriented subreddits pooled, and as one pooled set of all six.
watch	bar	1	Registration protocol	The registration files use working names that this paper does not: each pass threshold is a bar, the cross-corpus comparison of formation rates is the ladder, and the replication study is the gate, whose amended readouts
watch	cells	1	A second platform	A reproduction check accompanied the amended acquisition: the analysis-stratum cells were recomputed on successive corpus rebuilds and match (observed and eligible counts identical; z within the Monte Carlo noise of the 
watch	deficit	1	Discussion	A forum's "mixing deficit" (observed joint attention over its shuffled expectation) is computable with the machinery released here and may prove a more honest instrument for studying how ideas spread, or fail to, than fo
watch	endpoint	1	A second platform	A registered confirmatory run in the companion paper (Quiring 2026), on a single uniform data source, reproduces the second fold's endpoint (all strata far below chance, formation at the floor), so the second fold's resu
watch	gate	1	Registration protocol	The registration files use working names that this paper does not: each pass threshold is a bar, the cross-corpus comparison of formation rates is the ladder, and the replication study is the gate, whose amended readouts
watch	hubs	1	Documents, suppressed pairs, and formation	Author-quarters with more than 100 distinct concepts are excluded as hubs: without the exclusion, hub documents' combinatorial co-occurrence collapses the suppressed universe to 41 and 9 eligible pairs in the two folds (
watch	readout	1	A second platform	Segregation: the registered pass threshold (z <= -3 in both folds) is met by a wide margin in the pooled all-subreddits cell, which we take as primary for symmetry with the formation readout.
watch	walled	1	Discussion	Even then the burst is confined to r/wallstreetbets: the analysis-oriented stratum stayed walled (co-occurrence far below chance) straight through the event.
watch	walls	1	Discussion	In open discourse, the expected-but-absent pairs are not discoveries waiting to happen; they are walls that persist, year after year, on every platform we measured.
